STRUCTURE,STRUCTURE_ID,STRUCTURE_NAME,freq,Time frequency,unit,Unit of measure,geo,Geopolitical entity (reporting),TIME_PERIOD,Time,OBS_VALUE,Observation value,OBS_FLAG,Observation status (Flag) V2 structure,CONF_STATUS,Confidentiality status (flag)
dataflow,ESTAT:RAIL_PA_TOTAL$DEFAULTVIEW(1.0),Passengers transported,A,Annual,MIO_PKM,Millions of passenger-kilometres,AT,Austria,2015,,12104,,,,,
dataflow,ESTAT:RAIL_PA_TOTAL$DEFAULTVIEW(1.0),Passengers transported,A,Annual,MIO_PKM,Millions of passenger-kilometres,AT,Austria,2016,,12497,,,,,
dataflow,ESTAT:RAIL_PA_TOTAL$DEFAULTVIEW(1.0),Passengers transported,A,Annual,MIO_PKM,Millions of passenger-kilometres,AT,Austria,2017,,12562,,,,,
dataflow,ESTAT:RAIL_PA_TOTAL$DEFAULTVIEW(1.0),Passengers transported,A,Annual,MIO_PKM,Millions of passenger-kilometres,AT,Austria,2018,,13122,,,,,
dataflow,ESTAT:RAIL_PA_TOTAL$DEFAULTVIEW(1.0),Passengers transported,A,Annual,MIO_PKM,Millions of passenger-kilometres,AT,Austria,2019,,13252,,,,,
dataflow,ESTAT:RAIL_PA_TOTAL$DEFAULTVIEW(1.0),Passengers transported,A,Annual,MIO_PKM,Millions of passenger-kilometres,AT,Austria,2020,,7375,,,,,
dataflow,ESTAT:RAIL_PA_TOTAL$DEFAULTVIEW(1.0),Passengers transported,A,Annual,MIO_PKM,Millions of passenger-kilometres,AT,Austria,2021,,8447,,,,,
dataflow,ESTAT:RAIL_PA_TOTAL$DEFAULTVIEW(1.0),Passengers transported,A,Annual,MIO_PKM,Millions of passenger-kilometres,AT,Austria,2022,,12855,,,,,
dataflow,ESTAT:RAIL_PA_TOTAL$DEFAULTVIEW(1.0),Passengers transported,A,Annual,MIO_PKM,Millions of passenger-kilometres,AT,Austria,2023,,14435,,,,,
dataflow,ESTAT:RAIL_PA_TOTAL$DEFAULTVIEW(1.0),Passengers transported,A,Annual,MIO_PKM,Millions of passenger-kilometres,AT,Austria,2024,,14842,,,,,
dataflow,ESTAT:RAIL_PA_TOTAL$DEFAULTVIEW(1.0),Passengers transported,A,Annual,MIO_PKM,Millions of passenger-kilometres,BA,Bosnia and Herzegovina,2015,,34,,,,,
dataflow,ESTAT:RAIL_PA_TOTAL$DEFAULTVIEW(1.0),Passengers transported,A,Annual,MIO_PKM,Millions of passenger-kilometres,BA,Bosnia and Herzegovina,2016,,24,,,,,
dataflow,ESTAT:RAIL_PA_TOTAL$DEFAULTVIEW(1.0),Passengers transported,A,Annual,MIO_PKM,Millions of passenger-kilometres,BA,Bosnia and Herzegovina,2017,,29,,,,,
dataflow,ESTAT:RAIL_PA_TOTAL$DEFAULTVIEW(1.0),Passengers transported,A,Annual,MIO_PKM,Millions of passenger-kilometres,BA,Bosnia and Herzegovina,2018,,39,,,,,
dataflow,ESTAT:RAIL_PA_TOTAL$DEFAULTVIEW(1.0),Passengers transported,A,Annual,MIO_PKM,Millions of passenger-kilometres,BA,Bosnia and Herzegovina,2019,,56,,,,,
dataflow,ESTAT:RAIL_PA_TOTAL$DEFAULTVIEW(1.0),Passengers transported,A,Annual,MIO_PKM,Millions of passenger-kilometres,BA,Bosnia and Herzegovina,2020,,14,,,,,
dataflow,ESTAT:RAIL_PA_TOTAL$DEFAULTVIEW(1.0),Passengers transported,A,Annual,MIO_PKM,Millions of passenger-kilometres,BA,Bosnia and Herzegovina,2021,,18,,,,,
dataflow,ESTAT:RAIL_PA_TOTAL$DEFAULTVIEW(1.0),Passengers transported,A,Annual,MIO_PKM,Millions of passenger-kilometres,BA,Bosnia and Herzegovina,2022,,31,,,,,
dataflow,ESTAT:RAIL_PA_TOTAL$DEFAULTVIEW(1.0),Passengers transported,A,Annual,MIO_PKM,Millions of passenger-kilometres,BA,Bosnia and Herzegovina,2023,,34,,,,,
dataflow,ESTAT:RAIL_PA_TOTAL$DEFAULTVIEW(1.0),Passengers transported,A,Annual,MIO_PKM,Millions of passenger-kilometres,BA,Bosnia and Herzegovina,2024,,30,,,,,
dataflow,ESTAT:RAIL_PA_TOTAL$DEFAULTVIEW(1.0),Passengers transported,A,Annual,MIO_PKM,Millions of passenger-kilometres,BE,Belgium,2015,,,,,,C,confidential
dataflow,ESTAT:RAIL_PA_TOTAL$DEFAULTVIEW(1.0),Passengers transported,A,Annual,MIO_PKM,Millions of passenger-kilometres,BE,Belgium,2016,,,,,,C,confidential
dataflow,ESTAT:RAIL_PA_TOTAL$DEFAULTVIEW(1.0),Passengers transported,A,Annual,MIO_PKM,Millions of passenger-kilometres,BE,Belgium,2017,,,,,,C,confidential
dataflow,ESTAT:RAIL_PA_TOTAL$DEFAULTVIEW(1.0),Passengers transported,A,Annual,MIO_PKM,Millions of passenger-kilometres,BE,Belgium,2018,,,,,,C,confidential
dataflow,ESTAT:RAIL_PA_TOTAL$DEFAULTVIEW(1.0),Passengers transported,A,Annual,MIO_PKM,Millions of passenger-kilometres,BE,Belgium,2019,,,,,,C,confidential
dataflow,ESTAT:RAIL_PA_TOTAL$DEFAULTVIEW(1.0),Passengers transported,A,Annual,MIO_PKM,Millions of passenger-kilometres,BE,Belgium,2020,,,,,,C,confidential
dataflow,ESTAT:RAIL_PA_TOTAL$DEFAULTVIEW(1.0),Passengers transported,A,Annual,MIO_PKM,Millions of passenger-kilometres,BE,Belgium,2021,,,,,,C,confidential
dataflow,ESTAT:RAIL_PA_TOTAL$DEFAULTVIEW(1.0),Passengers transported,A,Annual,MIO_PKM,Millions of passenger-kilometres,BE,Belgium,2022,,,,,,C,confidential
dataflow,ESTAT:RAIL_PA_TOTAL$DEFAULTVIEW(1.0),Passengers transported,A,Annual,MIO_PKM,Millions of passenger-kilometres,BE,Belgium,2023,,,,,,C,confidential
dataflow,ESTAT:RAIL_PA_TOTAL$DEFAULTVIEW(1.0),Passengers transported,A,Annual,MIO_PKM,Millions of passenger-kilometres,BE,Belgium,2024,,,,,,C,confidential
dataflow,ESTAT:RAIL_PA_TOTAL$DEFAULTVIEW(1.0),Passengers transported,A,Annual,MIO_PKM,Millions of passenger-kilometres,BG,Bulgaria,2015,,1549,,,,,
dataflow,ESTAT:RAIL_PA_TOTAL$DEFAULTVIEW(1.0),Passengers transported,A,Annual,MIO_PKM,Millions of passenger-kilometres,BG,Bulgaria,2016,,1455,,,,,
dataflow,ESTAT:RAIL_PA_TOTAL$DEFAULTVIEW(1.0),Passengers transported,A,Annual,MIO_PKM,Millions of passenger-kilometres,BG,Bulgaria,2017,,1434,,,,,
dataflow,ESTAT:RAIL_PA_TOTAL$DEFAULTVIEW(1.0),Passengers transported,A,Annual,MIO_PKM,Millions of passenger-kilometres,BG,Bulgaria,2018,,1476,,,,,
dataflow,ESTAT:RAIL_PA_TOTAL$DEFAULTVIEW(1.0),Passengers transported,A,Annual,MIO_PKM,Millions of passenger-kilometres,BG,Bulgaria,2019,,1520,,,,,
dataflow,ESTAT:RAIL_PA_TOTAL$DEFAULTVIEW(1.0),Passengers transported,A,Annual,MIO_PKM,Millions of passenger-kilometres,BG,Bulgaria,2020,,1118,,,,,
dataflow,ESTAT:RAIL_PA_TOTAL$DEFAULTVIEW(1.0),Passengers transported,A,Annual,MIO_PKM,Millions of passenger-kilometres,BG,Bulgaria,2021,,1203,,,,,
dataflow,ESTAT:RAIL_PA_TOTAL$DEFAULTVIEW(1.0),Passengers transported,A,Annual,MIO_PKM,Millions of passenger-kilometres,BG,Bulgaria,2022,,1600,,,,,
dataflow,ESTAT:RAIL_PA_TOTAL$DEFAULTVIEW(1.0),Passengers transported,A,Annual,MIO_PKM,Millions of passenger-kilometres,BG,Bulgaria,2023,,1592,,,,,
dataflow,ESTAT:RAIL_PA_TOTAL$DEFAULTVIEW(1.0),Passengers transported,A,Annual,MIO_PKM,Millions of passenger-kilometres,BG,Bulgaria,2024,,1498,,,,,
dataflow,ESTAT:RAIL_PA_TOTAL$DEFAULTVIEW(1.0),Passengers transported,A,Annual,MIO_PKM,Millions of passenger-kilometres,CH,Switzerland,2015,,20228,,,,,
dataflow,ESTAT:RAIL_PA_TOTAL$DEFAULTVIEW(1.0),Passengers transported,A,Annual,MIO_PKM,Millions of passenger-kilometres,CH,Switzerland,2016,,20657,,,,,
dataflow,ESTAT:RAIL_PA_TOTAL$DEFAULTVIEW(1.0),Passengers transported,A,Annual,MIO_PKM,Millions of passenger-kilometres,CH,Switzerland,2017,,20707,,,,,
dataflow,ESTAT:RAIL_PA_TOTAL$DEFAULTVIEW(1.0),Passengers transported,A,Annual,MIO_PKM,Millions of passenger-kilometres,CH,Switzerland,2018,,20451,,,,,
dataflow,ESTAT:RAIL_PA_TOTAL$DEFAULTVIEW(1.0),Passengers transported,A,Annual,MIO_PKM,Millions of passenger-kilometres,CH,Switzerland,2019,,21559,,,,,
dataflow,ESTAT:RAIL_PA_TOTAL$DEFAULTVIEW(1.0),Passengers transported,A,Annual,MIO_PKM,Millions of passenger-kilometres,CH,Switzerland,2020,,13261,,,,,
dataflow,ESTAT:RAIL_PA_TOTAL$DEFAULTVIEW(1.0),Passengers transported,A,Annual,MIO_PKM,Millions of passenger-kilometres,CH,Switzerland,2021,,14223,,,,,
dataflow,ESTAT:RAIL_PA_TOTAL$DEFAULTVIEW(1.0),Passengers transported,A,Annual,MIO_PKM,Millions of passenger-kilometres,CH,Switzerland,2022,,19201,,,,,
dataflow,ESTAT:RAIL_PA_TOTAL$DEFAULTVIEW(1.0),Passengers transported,A,Annual,MIO_PKM,Millions of passenger-kilometres,CH,Switzerland,2023,,22093,,,,,
dataflow,ESTAT:RAIL_PA_TOTAL$DEFAULTVIEW(1.0),Passengers transported,A,Annual,MIO_PKM,Millions of passenger-kilometres,CH,Switzerland,2024,,22796,,,,,
dataflow,ESTAT:RAIL_PA_TOTAL$DEFAULTVIEW(1.0),Passengers transported,A,Annual,MIO_PKM,Millions of passenger-kilometres,CZ,Czechia,2015,,8125,,,,,
dataflow,ESTAT:RAIL_PA_TOTAL$DEFAULTVIEW(1.0),Passengers transported,A,Annual,MIO_PKM,Millions of passenger-kilometres,CZ,Czechia,2016,,8738,,,,,
dataflow,ESTAT:RAIL_PA_TOTAL$DEFAULTVIEW(1.0),Passengers transported,A,Annual,MIO_PKM,Millions of passenger-kilometres,CZ,Czechia,2017,,9403,,,,,
dataflow,ESTAT:RAIL_PA_TOTAL$DEFAULTVIEW(1.0),Passengers transported,A,Annual,MIO_PKM,Millions of passenger-kilometres,CZ,Czechia,2018,,10220,,,,,
dataflow,ESTAT:RAIL_PA_TOTAL$DEFAULTVIEW(1.0),Passengers transported,A,Annual,MIO_PKM,Millions of passenger-kilometres,CZ,Czechia,2019,,10856,,,,,
dataflow,ESTAT:RAIL_PA_TOTAL$DEFAULTVIEW(1.0),Passengers transported,A,Annual,MIO_PKM,Millions of passenger-kilometres,CZ,Czechia,2020,,6623,,,,,
dataflow,ESTAT:RAIL_PA_TOTAL$DEFAULTVIEW(1.0),Passengers transported,A,Annual,MIO_PKM,Millions of passenger-kilometres,CZ,Czechia,2021,,6752,,,,,
dataflow,ESTAT:RAIL_PA_TOTAL$DEFAULTVIEW(1.0),Passengers transported,A,Annual,MIO_PKM,Millions of passenger-kilometres,CZ,Czechia,2022,,9394,,,,,
dataflow,ESTAT:RAIL_PA_TOTAL$DEFAULTVIEW(1.0),Passengers transported,A,Annual,MIO_PKM,Millions of passenger-kilometres,CZ,Czechia,2023,,9996,,,,,
dataflow,ESTAT:RAIL_PA_TOTAL$DEFAULTVIEW(1.0),Passengers transported,A,Annual,MIO_PKM,Millions of passenger-kilometres,CZ,Czechia,2024,,10294,,,,,
dataflow,ESTAT:RAIL_PA_TOTAL$DEFAULTVIEW(1.0),Passengers transported,A,Annual,MIO_PKM,Millions of passenger-kilometres,DE,Germany,2015,,91050,,,,,
dataflow,ESTAT:RAIL_PA_TOTAL$DEFAULTVIEW(1.0),Passengers transported,A,Annual,MIO_PKM,Millions of passenger-kilometres,DE,Germany,2016,,95465,,,,,
dataflow,ESTAT:RAIL_PA_TOTAL$DEFAULTVIEW(1.0),Passengers transported,A,Annual,MIO_PKM,Millions of passenger-kilometres,DE,Germany,2017,,95529,,,,,
dataflow,ESTAT:RAIL_PA_TOTAL$DEFAULTVIEW(1.0),Passengers transported,A,Annual,MIO_PKM,Millions of passenger-kilometres,DE,Germany,2018,,98161,,,,,
dataflow,ESTAT:RAIL_PA_TOTAL$DEFAULTVIEW(1.0),Passengers transported,A,Annual,MIO_PKM,Millions of passenger-kilometres,DE,Germany,2019,,100252,,,,,
dataflow,ESTAT:RAIL_PA_TOTAL$DEFAULTVIEW(1.0),Passengers transported,A,Annual,MIO_PKM,Millions of passenger-kilometres,DE,Germany,2020,,57787,,,,,
dataflow,ESTAT:RAIL_PA_TOTAL$DEFAULTVIEW(1.0),Passengers transported,A,Annual,MIO_PKM,Millions of passenger-kilometres,DE,Germany,2021,,57518,,,,,
dataflow,ESTAT:RAIL_PA_TOTAL$DEFAULTVIEW(1.0),Passengers transported,A,Annual,MIO_PKM,Millions of passenger-kilometres,DE,Germany,2022,,92313,,,,,
dataflow,ESTAT:RAIL_PA_TOTAL$DEFAULTVIEW(1.0),Passengers transported,A,Annual,MIO_PKM,Millions of passenger-kilometres,DE,Germany,2023,,101408,,,,,
dataflow,ESTAT:RAIL_PA_TOTAL$DEFAULTVIEW(1.0),Passengers transported,A,Annual,MIO_PKM,Millions of passenger-kilometres,DE,Germany,2024,,109135,,,,,
dataflow,ESTAT:RAIL_PA_TOTAL$DEFAULTVIEW(1.0),Passengers transported,A,Annual,MIO_PKM,Millions of passenger-kilometres,DK,Denmark,2015,,6507,,,,,
dataflow,ESTAT:RAIL_PA_TOTAL$DEFAULTVIEW(1.0),Passengers transported,A,Annual,MIO_PKM,Millions of passenger-kilometres,DK,Denmark,2016,,6332,,,,,
dataflow,ESTAT:RAIL_PA_TOTAL$DEFAULTVIEW(1.0),Passengers transported,A,Annual,MIO_PKM,Millions of passenger-kilometres,DK,Denmark,2017,,6280,,,,,
dataflow,ESTAT:RAIL_PA_TOTAL$DEFAULTVIEW(1.0),Passengers transported,A,Annual,MIO_PKM,Millions of passenger-kilometres,DK,Denmark,2018,,6182,,,,,
dataflow,ESTAT:RAIL_PA_TOTAL$DEFAULTVIEW(1.0),Passengers transported,A,Annual,MIO_PKM,Millions of passenger-kilometres,DK,Denmark,2019,,6174,,,,,
dataflow,ESTAT:RAIL_PA_TOTAL$DEFAULTVIEW(1.0),Passengers transported,A,Annual,MIO_PKM,Millions of passenger-kilometres,DK,Denmark,2020,,3940,,,,,
dataflow,ESTAT:RAIL_PA_TOTAL$DEFAULTVIEW(1.0),Passengers transported,A,Annual,MIO_PKM,Millions of passenger-kilometres,DK,Denmark,2021,,4181,,,,,
dataflow,ESTAT:RAIL_PA_TOTAL$DEFAULTVIEW(1.0),Passengers transported,A,Annual,MIO_PKM,Millions of passenger-kilometres,DK,Denmark,2022,,5822,,,,,
dataflow,ESTAT:RAIL_PA_TOTAL$DEFAULTVIEW(1.0),Passengers transported,A,Annual,MIO_PKM,Millions of passenger-kilometres,DK,Denmark,2023,,6031,,,,,
dataflow,ESTAT:RAIL_PA_TOTAL$DEFAULTVIEW(1.0),Passengers transported,A,Annual,MIO_PKM,Millions of passenger-kilometres,DK,Denmark,2024,,6481,,,,,
dataflow,ESTAT:RAIL_PA_TOTAL$DEFAULTVIEW(1.0),Passengers transported,A,Annual,MIO_PKM,Millions of passenger-kilometres,EE,Estonia,2015,,286,,,,,
dataflow,ESTAT:RAIL_PA_TOTAL$DEFAULTVIEW(1.0),Passengers transported,A,Annual,MIO_PKM,Millions of passenger-kilometres,EE,Estonia,2016,,316,,,,,
dataflow,ESTAT:RAIL_PA_TOTAL$DEFAULTVIEW(1.0),Passengers transported,A,Annual,MIO_PKM,Millions of passenger-kilometres,EE,Estonia,2017,,366,,,,,
dataflow,ESTAT:RAIL_PA_TOTAL$DEFAULTVIEW(1.0),Passengers transported,A,Annual,MIO_PKM,Millions of passenger-kilometres,EE,Estonia,2018,,417,,,,,
dataflow,ESTAT:RAIL_PA_TOTAL$DEFAULTVIEW(1.0),Passengers transported,A,Annual,MIO_PKM,Millions of passenger-kilometres,EE,Estonia,2019,,392,,,,,
dataflow,ESTAT:RAIL_PA_TOTAL$DEFAULTVIEW(1.0),Passengers transported,A,Annual,MIO_PKM,Millions of passenger-kilometres,EE,Estonia,2020,,263,,,,,
dataflow,ESTAT:RAIL_PA_TOTAL$DEFAULTVIEW(1.0),Passengers transported,A,Annual,MIO_PKM,Millions of passenger-kilometres,EE,Estonia,2021,,290,,,,,
dataflow,ESTAT:RAIL_PA_TOTAL$DEFAULTVIEW(1.0),Passengers transported,A,Annual,MIO_PKM,Millions of passenger-kilometres,EE,Estonia,2022,,382,,,,,
dataflow,ESTAT:RAIL_PA_TOTAL$DEFAULTVIEW(1.0),Passengers transported,A,Annual,MIO_PKM,Millions of passenger-kilometres,EE,Estonia,2023,,408,,,,,
dataflow,ESTAT:RAIL_PA_TOTAL$DEFAULTVIEW(1.0),Passengers transported,A,Annual,MIO_PKM,Millions of passenger-kilometres,EE,Estonia,2024,,385,,,,,
dataflow,ESTAT:RAIL_PA_TOTAL$DEFAULTVIEW(1.0),Passengers transported,A,Annual,MIO_PKM,Millions of passenger-kilometres,EL,Greece,2015,,1263,,,,,
dataflow,ESTAT:RAIL_PA_TOTAL$DEFAULTVIEW(1.0),Passengers transported,A,Annual,MIO_PKM,Millions of passenger-kilometres,EL,Greece,2016,,1192,,,,,
dataflow,ESTAT:RAIL_PA_TOTAL$DEFAULTVIEW(1.0),Passengers transported,A,Annual,MIO_PKM,Millions of passenger-kilometres,EL,Greece,2017,,1112,,,,,
dataflow,ESTAT:RAIL_PA_TOTAL$DEFAULTVIEW(1.0),Passengers transported,A,Annual,MIO_PKM,Millions of passenger-kilometres,EL,Greece,2018,,1104,,,,,
dataflow,ESTAT:RAIL_PA_TOTAL$DEFAULTVIEW(1.0),Passengers transported,A,Annual,MIO_PKM,Millions of passenger-kilometres,EL,Greece,2019,,1252,,,,,
dataflow,ESTAT:RAIL_PA_TOTAL$DEFAULTVIEW(1.0),Passengers transported,A,Annual,MIO_PKM,Millions of passenger-kilometres,EL,Greece,2020,,640,,,,,
dataflow,ESTAT:RAIL_PA_TOTAL$DEFAULTVIEW(1.0),Passengers transported,A,Annual,MIO_PKM,Millions of passenger-kilometres,EL,Greece,2021,,653,,,,,
dataflow,ESTAT:RAIL_PA_TOTAL$DEFAULTVIEW(1.0),Passengers transported,A,Annual,MIO_PKM,Millions of passenger-kilometres,EL,Greece,2022,,1117,,,,,
dataflow,ESTAT:RAIL_PA_TOTAL$DEFAULTVIEW(1.0),Passengers transported,A,Annual,MIO_PKM,Millions of passenger-kilometres,EL,Greece,2023,,673,,,,,
dataflow,ESTAT:RAIL_PA_TOTAL$DEFAULTVIEW(1.0),Passengers transported,A,Annual,MIO_PKM,Millions of passenger-kilometres,EL,Greece,2024,,727,,,,,
dataflow,ESTAT:RAIL_PA_TOTAL$DEFAULTVIEW(1.0),Passengers transported,A,Annual,MIO_PKM,Millions of passenger-kilometres,ES,Spain,2015,,26108,,,,,
dataflow,ESTAT:RAIL_PA_TOTAL$DEFAULTVIEW(1.0),Passengers transported,A,Annual,MIO_PKM,Millions of passenger-kilometres,ES,Spain,2016,,26646,,,,,
dataflow,ESTAT:RAIL_PA_TOTAL$DEFAULTVIEW(1.0),Passengers transported,A,Annual,MIO_PKM,Millions of passenger-kilometres,ES,Spain,2017,,27490,,,,,
dataflow,ESTAT:RAIL_PA_TOTAL$DEFAULTVIEW(1.0),Passengers transported,A,Annual,MIO_PKM,Millions of passenger-kilometres,ES,Spain,2018,,28420,,,,,
dataflow,ESTAT:RAIL_PA_TOTAL$DEFAULTVIEW(1.0),Passengers transported,A,Annual,MIO_PKM,Millions of passenger-kilometres,ES,Spain,2019,,28847,,,,,
dataflow,ESTAT:RAIL_PA_TOTAL$DEFAULTVIEW(1.0),Passengers transported,A,Annual,MIO_PKM,Millions of passenger-kilometres,ES,Spain,2020,,12060,,,,,
dataflow,ESTAT:RAIL_PA_TOTAL$DEFAULTVIEW(1.0),Passengers transported,A,Annual,MIO_PKM,Millions of passenger-kilometres,ES,Spain,2021,,17002,,,,,
dataflow,ESTAT:RAIL_PA_TOTAL$DEFAULTVIEW(1.0),Passengers transported,A,Annual,MIO_PKM,Millions of passenger-kilometres,ES,Spain,2022,,27489,,,,,
dataflow,ESTAT:RAIL_PA_TOTAL$DEFAULTVIEW(1.0),Passengers transported,A,Annual,MIO_PKM,Millions of passenger-kilometres,ES,Spain,2023,,34632,,,,,
dataflow,ESTAT:RAIL_PA_TOTAL$DEFAULTVIEW(1.0),Passengers transported,A,Annual,MIO_PKM,Millions of passenger-kilometres,ES,Spain,2024,,38038,,,,,
dataflow,ESTAT:RAIL_PA_TOTAL$DEFAULTVIEW(1.0),Passengers transported,A,Annual,MIO_PKM,Millions of passenger-kilometres,EU27_2007,European Union - 27 countries (2007-2013),2015,,,,,,C,confidential
dataflow,ESTAT:RAIL_PA_TOTAL$DEFAULTVIEW(1.0),Passengers transported,A,Annual,MIO_PKM,Millions of passenger-kilometres,EU27_2007,European Union - 27 countries (2007-2013),2016,,,,,,C,confidential
dataflow,ESTAT:RAIL_PA_TOTAL$DEFAULTVIEW(1.0),Passengers transported,A,Annual,MIO_PKM,Millions of passenger-kilometres,EU27_2007,European Union - 27 countries (2007-2013),2017,,,,,,C,confidential
dataflow,ESTAT:RAIL_PA_TOTAL$DEFAULTVIEW(1.0),Passengers transported,A,Annual,MIO_PKM,Millions of passenger-kilometres,EU27_2007,European Union - 27 countries (2007-2013),2018,,467983,,,,,
dataflow,ESTAT:RAIL_PA_TOTAL$DEFAULTVIEW(1.0),Passengers transported,A,Annual,MIO_PKM,Millions of passenger-kilometres,EU27_2007,European Union - 27 countries (2007-2013),2019,,483301,,,,,
dataflow,ESTAT:RAIL_PA_TOTAL$DEFAULTVIEW(1.0),Passengers transported,A,Annual,MIO_PKM,Millions of passenger-kilometres,EU27_2020,European Union - 27 countries (from 2020),2015,,,,,,C,confidential
dataflow,ESTAT:RAIL_PA_TOTAL$DEFAULTVIEW(1.0),Passengers transported,A,Annual,MIO_PKM,Millions of passenger-kilometres,EU27_2020,European Union - 27 countries (from 2020),2016,,,,,,C,confidential
dataflow,ESTAT:RAIL_PA_TOTAL$DEFAULTVIEW(1.0),Passengers transported,A,Annual,MIO_PKM,Millions of passenger-kilometres,EU27_2020,European Union - 27 countries (from 2020),2017,,,,,,C,confidential
dataflow,ESTAT:RAIL_PA_TOTAL$DEFAULTVIEW(1.0),Passengers transported,A,Annual,MIO_PKM,Millions of passenger-kilometres,EU27_2020,European Union - 27 countries (from 2020),2018,,399024,,,,,
dataflow,ESTAT:RAIL_PA_TOTAL$DEFAULTVIEW(1.0),Passengers transported,A,Annual,MIO_PKM,Millions of passenger-kilometres,EU27_2020,European Union - 27 countries (from 2020),2019,,412202,,,,,
dataflow,ESTAT:RAIL_PA_TOTAL$DEFAULTVIEW(1.0),Passengers transported,A,Annual,MIO_PKM,Millions of passenger-kilometres,EU27_2020,European Union - 27 countries (from 2020),2020,,221836,,,,,
dataflow,ESTAT:RAIL_PA_TOTAL$DEFAULTVIEW(1.0),Passengers transported,A,Annual,MIO_PKM,Millions of passenger-kilometres,EU27_2020,European Union - 27 countries (from 2020),2021,,256210,,,,,
dataflow,ESTAT:RAIL_PA_TOTAL$DEFAULTVIEW(1.0),Passengers transported,A,Annual,MIO_PKM,Millions of passenger-kilometres,EU27_2020,European Union - 27 countries (from 2020),2022,,386741,,,,,
dataflow,ESTAT:RAIL_PA_TOTAL$DEFAULTVIEW(1.0),Passengers transported,A,Annual,MIO_PKM,Millions of passenger-kilometres,EU27_2020,European Union - 27 countries (from 2020),2023,,429575,,,,,
dataflow,ESTAT:RAIL_PA_TOTAL$DEFAULTVIEW(1.0),Passengers transported,A,Annual,MIO_PKM,Millions of passenger-kilometres,EU27_2020,European Union - 27 countries (from 2020),2024,,,,,,C,confidential
dataflow,ESTAT:RAIL_PA_TOTAL$DEFAULTVIEW(1.0),Passengers transported,A,Annual,MIO_PKM,Millions of passenger-kilometres,EU28,European Union - 28 countries (2013-2020),2015,,,,,,C,confidential
dataflow,ESTAT:RAIL_PA_TOTAL$DEFAULTVIEW(1.0),Passengers transported,A,Annual,MIO_PKM,Millions of passenger-kilometres,EU28,European Union - 28 countries (2013-2020),2016,,,,,,C,confidential
dataflow,ESTAT:RAIL_PA_TOTAL$DEFAULTVIEW(1.0),Passengers transported,A,Annual,MIO_PKM,Millions of passenger-kilometres,EU28,European Union - 28 countries (2013-2020),2017,,,,,,C,confidential
dataflow,ESTAT:RAIL_PA_TOTAL$DEFAULTVIEW(1.0),Passengers transported,A,Annual,MIO_PKM,Millions of passenger-kilometres,EU28,European Union - 28 countries (2013-2020),2018,,468730,,,,,
dataflow,ESTAT:RAIL_PA_TOTAL$DEFAULTVIEW(1.0),Passengers transported,A,Annual,MIO_PKM,Millions of passenger-kilometres,EU28,European Union - 28 countries (2013-2020),2019,,484025,,,,,
dataflow,ESTAT:RAIL_PA_TOTAL$DEFAULTVIEW(1.0),Passengers transported,A,Annual,MIO_PKM,Millions of passenger-kilometres,FI,Finland,2015,,4114,,,,,
dataflow,ESTAT:RAIL_PA_TOTAL$DEFAULTVIEW(1.0),Passengers transported,A,Annual,MIO_PKM,Millions of passenger-kilometres,FI,Finland,2016,,3868,,,,,
dataflow,ESTAT:RAIL_PA_TOTAL$DEFAULTVIEW(1.0),Passengers transported,A,Annual,MIO_PKM,Millions of passenger-kilometres,FI,Finland,2017,,4271,,,,,
dataflow,ESTAT:RAIL_PA_TOTAL$DEFAULTVIEW(1.0),Passengers transported,A,Annual,MIO_PKM,Millions of passenger-kilometres,FI,Finland,2018,,4535,,,,,
dataflow,ESTAT:RAIL_PA_TOTAL$DEFAULTVIEW(1.0),Passengers transported,A,Annual,MIO_PKM,Millions of passenger-kilometres,FI,Finland,2019,,4924,,,,,
dataflow,ESTAT:RAIL_PA_TOTAL$DEFAULTVIEW(1.0),Passengers transported,A,Annual,MIO_PKM,Millions of passenger-kilometres,FI,Finland,2020,,2820,,,,,
dataflow,ESTAT:RAIL_PA_TOTAL$DEFAULTVIEW(1.0),Passengers transported,A,Annual,MIO_PKM,Millions of passenger-kilometres,FI,Finland,2021,,2903,,,,,
dataflow,ESTAT:RAIL_PA_TOTAL$DEFAULTVIEW(1.0),Passengers transported,A,Annual,MIO_PKM,Millions of passenger-kilometres,FI,Finland,2022,,4572,,,,,
dataflow,ESTAT:RAIL_PA_TOTAL$DEFAULTVIEW(1.0),Passengers transported,A,Annual,MIO_PKM,Millions of passenger-kilometres,FI,Finland,2023,,5199,,,,,
dataflow,ESTAT:RAIL_PA_TOTAL$DEFAULTVIEW(1.0),Passengers transported,A,Annual,MIO_PKM,Millions of passenger-kilometres,FI,Finland,2024,,5436,,,,,
dataflow,ESTAT:RAIL_PA_TOTAL$DEFAULTVIEW(1.0),Passengers transported,A,Annual,MIO_PKM,Millions of passenger-kilometres,FR,France,2015,,91377,,,,,
dataflow,ESTAT:RAIL_PA_TOTAL$DEFAULTVIEW(1.0),Passengers transported,A,Annual,MIO_PKM,Millions of passenger-kilometres,FR,France,2016,,91832,,,,,
dataflow,ESTAT:RAIL_PA_TOTAL$DEFAULTVIEW(1.0),Passengers transported,A,Annual,MIO_PKM,Millions of passenger-kilometres,FR,France,2017,,92331,,,,,
dataflow,ESTAT:RAIL_PA_TOTAL$DEFAULTVIEW(1.0),Passengers transported,A,Annual,MIO_PKM,Millions of passenger-kilometres,FR,France,2018,,89186,,,,,
dataflow,ESTAT:RAIL_PA_TOTAL$DEFAULTVIEW(1.0),Passengers transported,A,Annual,MIO_PKM,Millions of passenger-kilometres,FR,France,2019,,93504,,,,,
dataflow,ESTAT:RAIL_PA_TOTAL$DEFAULTVIEW(1.0),Passengers transported,A,Annual,MIO_PKM,Millions of passenger-kilometres,FR,France,2020,,53926,,,,,
dataflow,ESTAT:RAIL_PA_TOTAL$DEFAULTVIEW(1.0),Passengers transported,A,Annual,MIO_PKM,Millions of passenger-kilometres,FR,France,2021,,70481,,,,,
dataflow,ESTAT:RAIL_PA_TOTAL$DEFAULTVIEW(1.0),Passengers transported,A,Annual,MIO_PKM,Millions of passenger-kilometres,FR,France,2022,,95635,,,,,
dataflow,ESTAT:RAIL_PA_TOTAL$DEFAULTVIEW(1.0),Passengers transported,A,Annual,MIO_PKM,Millions of passenger-kilometres,FR,France,2023,,101316,,,,,
dataflow,ESTAT:RAIL_PA_TOTAL$DEFAULTVIEW(1.0),Passengers transported,A,Annual,MIO_PKM,Millions of passenger-kilometres,FR,France,2024,,107346,,,,,
dataflow,ESTAT:RAIL_PA_TOTAL$DEFAULTVIEW(1.0),Passengers transported,A,Annual,MIO_PKM,Millions of passenger-kilometres,HR,Croatia,2015,,941,,,,,
dataflow,ESTAT:RAIL_PA_TOTAL$DEFAULTVIEW(1.0),Passengers transported,A,Annual,MIO_PKM,Millions of passenger-kilometres,HR,Croatia,2016,,827,,,,,
dataflow,ESTAT:RAIL_PA_TOTAL$DEFAULTVIEW(1.0),Passengers transported,A,Annual,MIO_PKM,Millions of passenger-kilometres,HR,Croatia,2017,,736,,,,,
dataflow,ESTAT:RAIL_PA_TOTAL$DEFAULTVIEW(1.0),Passengers transported,A,Annual,MIO_PKM,Millions of passenger-kilometres,HR,Croatia,2018,,747,,,,,
dataflow,ESTAT:RAIL_PA_TOTAL$DEFAULTVIEW(1.0),Passengers transported,A,Annual,MIO_PKM,Millions of passenger-kilometres,HR,Croatia,2019,,724,,,,,
dataflow,ESTAT:RAIL_PA_TOTAL$DEFAULTVIEW(1.0),Passengers transported,A,Annual,MIO_PKM,Millions of passenger-kilometres,HR,Croatia,2020,,448,,,,,
dataflow,ESTAT:RAIL_PA_TOTAL$DEFAULTVIEW(1.0),Passengers transported,A,Annual,MIO_PKM,Millions of passenger-kilometres,HR,Croatia,2021,,538,,,,,
dataflow,ESTAT:RAIL_PA_TOTAL$DEFAULTVIEW(1.0),Passengers transported,A,Annual,MIO_PKM,Millions of passenger-kilometres,HR,Croatia,2022,,812,,,,,
dataflow,ESTAT:RAIL_PA_TOTAL$DEFAULTVIEW(1.0),Passengers transported,A,Annual,MIO_PKM,Millions of passenger-kilometres,HR,Croatia,2023,,1142,,,,,
dataflow,ESTAT:RAIL_PA_TOTAL$DEFAULTVIEW(1.0),Passengers transported,A,Annual,MIO_PKM,Millions of passenger-kilometres,HR,Croatia,2024,,1148,,,,,
dataflow,ESTAT:RAIL_PA_TOTAL$DEFAULTVIEW(1.0),Passengers transported,A,Annual,MIO_PKM,Millions of passenger-kilometres,HU,Hungary,2015,,,,,,C,confidential
dataflow,ESTAT:RAIL_PA_TOTAL$DEFAULTVIEW(1.0),Passengers transported,A,Annual,MIO_PKM,Millions of passenger-kilometres,HU,Hungary,2016,,,,,,C,confidential
dataflow,ESTAT:RAIL_PA_TOTAL$DEFAULTVIEW(1.0),Passengers transported,A,Annual,MIO_PKM,Millions of passenger-kilometres,HU,Hungary,2017,,,,,,C,confidential
dataflow,ESTAT:RAIL_PA_TOTAL$DEFAULTVIEW(1.0),Passengers transported,A,Annual,MIO_PKM,Millions of passenger-kilometres,HU,Hungary,2018,,,,,,C,confidential
dataflow,ESTAT:RAIL_PA_TOTAL$DEFAULTVIEW(1.0),Passengers transported,A,Annual,MIO_PKM,Millions of passenger-kilometres,HU,Hungary,2019,,,,,,C,confidential
dataflow,ESTAT:RAIL_PA_TOTAL$DEFAULTVIEW(1.0),Passengers transported,A,Annual,MIO_PKM,Millions of passenger-kilometres,HU,Hungary,2020,,,,,,C,confidential
dataflow,ESTAT:RAIL_PA_TOTAL$DEFAULTVIEW(1.0),Passengers transported,A,Annual,MIO_PKM,Millions of passenger-kilometres,HU,Hungary,2021,,,,,,C,confidential
dataflow,ESTAT:RAIL_PA_TOTAL$DEFAULTVIEW(1.0),Passengers transported,A,Annual,MIO_PKM,Millions of passenger-kilometres,HU,Hungary,2022,,,,,,C,confidential
dataflow,ESTAT:RAIL_PA_TOTAL$DEFAULTVIEW(1.0),Passengers transported,A,Annual,MIO_PKM,Millions of passenger-kilometres,HU,Hungary,2023,,,,,,C,confidential
dataflow,ESTAT:RAIL_PA_TOTAL$DEFAULTVIEW(1.0),Passengers transported,A,Annual,MIO_PKM,Millions of passenger-kilometres,HU,Hungary,2024,,14988,,,,,
dataflow,ESTAT:RAIL_PA_TOTAL$DEFAULTVIEW(1.0),Passengers transported,A,Annual,MIO_PKM,Millions of passenger-kilometres,IE,Ireland,2015,,1918,,,,,
dataflow,ESTAT:RAIL_PA_TOTAL$DEFAULTVIEW(1.0),Passengers transported,A,Annual,MIO_PKM,Millions of passenger-kilometres,IE,Ireland,2016,,1991,,,,,
dataflow,ESTAT:RAIL_PA_TOTAL$DEFAULTVIEW(1.0),Passengers transported,A,Annual,MIO_PKM,Millions of passenger-kilometres,IE,Ireland,2017,,2122,,,,,
dataflow,ESTAT:RAIL_PA_TOTAL$DEFAULTVIEW(1.0),Passengers transported,A,Annual,MIO_PKM,Millions of passenger-kilometres,IE,Ireland,2018,,2281,,,,,
dataflow,ESTAT:RAIL_PA_TOTAL$DEFAULTVIEW(1.0),Passengers transported,A,Annual,MIO_PKM,Millions of passenger-kilometres,IE,Ireland,2019,,2399,,,,,
dataflow,ESTAT:RAIL_PA_TOTAL$DEFAULTVIEW(1.0),Passengers transported,A,Annual,MIO_PKM,Millions of passenger-kilometres,IE,Ireland,2020,,834,,,,,
dataflow,ESTAT:RAIL_PA_TOTAL$DEFAULTVIEW(1.0),Passengers transported,A,Annual,MIO_PKM,Millions of passenger-kilometres,IE,Ireland,2021,,870,,,,,
dataflow,ESTAT:RAIL_PA_TOTAL$DEFAULTVIEW(1.0),Passengers transported,A,Annual,MIO_PKM,Millions of passenger-kilometres,IE,Ireland,2022,,1748,,,,,
dataflow,ESTAT:RAIL_PA_TOTAL$DEFAULTVIEW(1.0),Passengers transported,A,Annual,MIO_PKM,Millions of passenger-kilometres,IE,Ireland,2023,,2235,,,,,
dataflow,ESTAT:RAIL_PA_TOTAL$DEFAULTVIEW(1.0),Passengers transported,A,Annual,MIO_PKM,Millions of passenger-kilometres,IE,Ireland,2024,,2486,,,,,
dataflow,ESTAT:RAIL_PA_TOTAL$DEFAULTVIEW(1.0),Passengers transported,A,Annual,MIO_PKM,Millions of passenger-kilometres,IT,Italy,2015,,52207,,,,,
dataflow,ESTAT:RAIL_PA_TOTAL$DEFAULTVIEW(1.0),Passengers transported,A,Annual,MIO_PKM,Millions of passenger-kilometres,IT,Italy,2016,,52178,,,,,
dataflow,ESTAT:RAIL_PA_TOTAL$DEFAULTVIEW(1.0),Passengers transported,A,Annual,MIO_PKM,Millions of passenger-kilometres,IT,Italy,2017,,53231,,,,,
dataflow,ESTAT:RAIL_PA_TOTAL$DEFAULTVIEW(1.0),Passengers transported,A,Annual,MIO_PKM,Millions of passenger-kilometres,IT,Italy,2018,,55493,,,,,
dataflow,ESTAT:RAIL_PA_TOTAL$DEFAULTVIEW(1.0),Passengers transported,A,Annual,MIO_PKM,Millions of passenger-kilometres,IT,Italy,2019,,56586,,,,,
dataflow,ESTAT:RAIL_PA_TOTAL$DEFAULTVIEW(1.0),Passengers transported,A,Annual,MIO_PKM,Millions of passenger-kilometres,IT,Italy,2020,,22269,,,,,
dataflow,ESTAT:RAIL_PA_TOTAL$DEFAULTVIEW(1.0),Passengers transported,A,Annual,MIO_PKM,Millions of passenger-kilometres,IT,Italy,2021,,27693,,,,,
dataflow,ESTAT:RAIL_PA_TOTAL$DEFAULTVIEW(1.0),Passengers transported,A,Annual,MIO_PKM,Millions of passenger-kilometres,IT,Italy,2022,,46498,,,,,
dataflow,ESTAT:RAIL_PA_TOTAL$DEFAULTVIEW(1.0),Passengers transported,A,Annual,MIO_PKM,Millions of passenger-kilometres,IT,Italy,2023,,54791,,,,,
dataflow,ESTAT:RAIL_PA_TOTAL$DEFAULTVIEW(1.0),Passengers transported,A,Annual,MIO_PKM,Millions of passenger-kilometres,IT,Italy,2024,,55872,,,,,
dataflow,ESTAT:RAIL_PA_TOTAL$DEFAULTVIEW(1.0),Passengers transported,A,Annual,MIO_PKM,Millions of passenger-kilometres,LI,Liechtenstein,2015,,15,,,,,
dataflow,ESTAT:RAIL_PA_TOTAL$DEFAULTVIEW(1.0),Passengers transported,A,Annual,MIO_PKM,Millions of passenger-kilometres,LI,Liechtenstein,2016,,16,,,,,
dataflow,ESTAT:RAIL_PA_TOTAL$DEFAULTVIEW(1.0),Passengers transported,A,Annual,MIO_PKM,Millions of passenger-kilometres,LI,Liechtenstein,2017,,15,,,,,
dataflow,ESTAT:RAIL_PA_TOTAL$DEFAULTVIEW(1.0),Passengers transported,A,Annual,MIO_PKM,Millions of passenger-kilometres,LI,Liechtenstein,2018,,16,,,,,
dataflow,ESTAT:RAIL_PA_TOTAL$DEFAULTVIEW(1.0),Passengers transported,A,Annual,MIO_PKM,Millions of passenger-kilometres,LI,Liechtenstein,2019,,18,,,,,
dataflow,ESTAT:RAIL_PA_TOTAL$DEFAULTVIEW(1.0),Passengers transported,A,Annual,MIO_PKM,Millions of passenger-kilometres,LI,Liechtenstein,2020,,8,,,,,
dataflow,ESTAT:RAIL_PA_TOTAL$DEFAULTVIEW(1.0),Passengers transported,A,Annual,MIO_PKM,Millions of passenger-kilometres,LI,Liechtenstein,2021,,12,,,,,
dataflow,ESTAT:RAIL_PA_TOTAL$DEFAULTVIEW(1.0),Passengers transported,A,Annual,MIO_PKM,Millions of passenger-kilometres,LI,Liechtenstein,2022,,27,,,,,
dataflow,ESTAT:RAIL_PA_TOTAL$DEFAULTVIEW(1.0),Passengers transported,A,Annual,MIO_PKM,Millions of passenger-kilometres,LI,Liechtenstein,2023,,28,,,,,
dataflow,ESTAT:RAIL_PA_TOTAL$DEFAULTVIEW(1.0),Passengers transported,A,Annual,MIO_PKM,Millions of passenger-kilometres,LI,Liechtenstein,2024,,29,,,,,
dataflow,ESTAT:RAIL_PA_TOTAL$DEFAULTVIEW(1.0),Passengers transported,A,Annual,MIO_PKM,Millions of passenger-kilometres,LT,Lithuania,2015,,262,,,,,
dataflow,ESTAT:RAIL_PA_TOTAL$DEFAULTVIEW(1.0),Passengers transported,A,Annual,MIO_PKM,Millions of passenger-kilometres,LT,Lithuania,2016,,280,,,,,
dataflow,ESTAT:RAIL_PA_TOTAL$DEFAULTVIEW(1.0),Passengers transported,A,Annual,MIO_PKM,Millions of passenger-kilometres,LT,Lithuania,2017,,315,,,,,
dataflow,ESTAT:RAIL_PA_TOTAL$DEFAULTVIEW(1.0),Passengers transported,A,Annual,MIO_PKM,Millions of passenger-kilometres,LT,Lithuania,2018,,354,,,,,
dataflow,ESTAT:RAIL_PA_TOTAL$DEFAULTVIEW(1.0),Passengers transported,A,Annual,MIO_PKM,Millions of passenger-kilometres,LT,Lithuania,2019,,359,,,,,
dataflow,ESTAT:RAIL_PA_TOTAL$DEFAULTVIEW(1.0),Passengers transported,A,Annual,MIO_PKM,Millions of passenger-kilometres,LT,Lithuania,2020,,237,,,,,
dataflow,ESTAT:RAIL_PA_TOTAL$DEFAULTVIEW(1.0),Passengers transported,A,Annual,MIO_PKM,Millions of passenger-kilometres,LT,Lithuania,2021,,287,,,,,
dataflow,ESTAT:RAIL_PA_TOTAL$DEFAULTVIEW(1.0),Passengers transported,A,Annual,MIO_PKM,Millions of passenger-kilometres,LT,Lithuania,2022,,382,,,,,
dataflow,ESTAT:RAIL_PA_TOTAL$DEFAULTVIEW(1.0),Passengers transported,A,Annual,MIO_PKM,Millions of passenger-kilometres,LT,Lithuania,2023,,392,,,,,
dataflow,ESTAT:RAIL_PA_TOTAL$DEFAULTVIEW(1.0),Passengers transported,A,Annual,MIO_PKM,Millions of passenger-kilometres,LT,Lithuania,2024,,441,,,,,
dataflow,ESTAT:RAIL_PA_TOTAL$DEFAULTVIEW(1.0),Passengers transported,A,Annual,MIO_PKM,Millions of passenger-kilometres,LU,Luxembourg,2015,,418,,,,,
dataflow,ESTAT:RAIL_PA_TOTAL$DEFAULTVIEW(1.0),Passengers transported,A,Annual,MIO_PKM,Millions of passenger-kilometres,LU,Luxembourg,2016,,417,,,,,
dataflow,ESTAT:RAIL_PA_TOTAL$DEFAULTVIEW(1.0),Passengers transported,A,Annual,MIO_PKM,Millions of passenger-kilometres,LU,Luxembourg,2017,,438,,,,,
dataflow,ESTAT:RAIL_PA_TOTAL$DEFAULTVIEW(1.0),Passengers transported,A,Annual,MIO_PKM,Millions of passenger-kilometres,LU,Luxembourg,2018,,443,,,,,
dataflow,ESTAT:RAIL_PA_TOTAL$DEFAULTVIEW(1.0),Passengers transported,A,Annual,MIO_PKM,Millions of passenger-kilometres,LU,Luxembourg,2019,,463,,,,,
dataflow,ESTAT:RAIL_PA_TOTAL$DEFAULTVIEW(1.0),Passengers transported,A,Annual,MIO_PKM,Millions of passenger-kilometres,LU,Luxembourg,2020,,268,,,,,
dataflow,ESTAT:RAIL_PA_TOTAL$DEFAULTVIEW(1.0),Passengers transported,A,Annual,MIO_PKM,Millions of passenger-kilometres,LU,Luxembourg,2021,,304,,,,,
dataflow,ESTAT:RAIL_PA_TOTAL$DEFAULTVIEW(1.0),Passengers transported,A,Annual,MIO_PKM,Millions of passenger-kilometres,LU,Luxembourg,2022,,389,,,,,
dataflow,ESTAT:RAIL_PA_TOTAL$DEFAULTVIEW(1.0),Passengers transported,A,Annual,MIO_PKM,Millions of passenger-kilometres,LU,Luxembourg,2023,,505,,,,,
dataflow,ESTAT:RAIL_PA_TOTAL$DEFAULTVIEW(1.0),Passengers transported,A,Annual,MIO_PKM,Millions of passenger-kilometres,LU,Luxembourg,2024,,556,,,,,
dataflow,ESTAT:RAIL_PA_TOTAL$DEFAULTVIEW(1.0),Passengers transported,A,Annual,MIO_PKM,Millions of passenger-kilometres,LV,Latvia,2015,,590,,,,,
dataflow,ESTAT:RAIL_PA_TOTAL$DEFAULTVIEW(1.0),Passengers transported,A,Annual,MIO_PKM,Millions of passenger-kilometres,LV,Latvia,2016,,584,,,,,
dataflow,ESTAT:RAIL_PA_TOTAL$DEFAULTVIEW(1.0),Passengers transported,A,Annual,MIO_PKM,Millions of passenger-kilometres,LV,Latvia,2017,,596,,,,,
dataflow,ESTAT:RAIL_PA_TOTAL$DEFAULTVIEW(1.0),Passengers transported,A,Annual,MIO_PKM,Millions of passenger-kilometres,LV,Latvia,2018,,624,,,,,
dataflow,ESTAT:RAIL_PA_TOTAL$DEFAULTVIEW(1.0),Passengers transported,A,Annual,MIO_PKM,Millions of passenger-kilometres,LV,Latvia,2019,,643,,,,,
dataflow,ESTAT:RAIL_PA_TOTAL$DEFAULTVIEW(1.0),Passengers transported,A,Annual,MIO_PKM,Millions of passenger-kilometres,LV,Latvia,2020,,413,,,,,
dataflow,ESTAT:RAIL_PA_TOTAL$DEFAULTVIEW(1.0),Passengers transported,A,Annual,MIO_PKM,Millions of passenger-kilometres,LV,Latvia,2021,,361,,,,,
dataflow,ESTAT:RAIL_PA_TOTAL$DEFAULTVIEW(1.0),Passengers transported,A,Annual,MIO_PKM,Millions of passenger-kilometres,LV,Latvia,2022,,541,,,,,
dataflow,ESTAT:RAIL_PA_TOTAL$DEFAULTVIEW(1.0),Passengers transported,A,Annual,MIO_PKM,Millions of passenger-kilometres,LV,Latvia,2023,,612,,,,,
dataflow,ESTAT:RAIL_PA_TOTAL$DEFAULTVIEW(1.0),Passengers transported,A,Annual,MIO_PKM,Millions of passenger-kilometres,LV,Latvia,2024,,698,,,,,
dataflow,ESTAT:RAIL_PA_TOTAL$DEFAULTVIEW(1.0),Passengers transported,A,Annual,MIO_PKM,Millions of passenger-kilometres,ME,Montenegro,2015,,81,,,,,
dataflow,ESTAT:RAIL_PA_TOTAL$DEFAULTVIEW(1.0),Passengers transported,A,Annual,MIO_PKM,Millions of passenger-kilometres,ME,Montenegro,2016,,84,,,,,
dataflow,ESTAT:RAIL_PA_TOTAL$DEFAULTVIEW(1.0),Passengers transported,A,Annual,MIO_PKM,Millions of passenger-kilometres,ME,Montenegro,2017,,60,,,,,
dataflow,ESTAT:RAIL_PA_TOTAL$DEFAULTVIEW(1.0),Passengers transported,A,Annual,MIO_PKM,Millions of passenger-kilometres,ME,Montenegro,2018,,67,,,,,
dataflow,ESTAT:RAIL_PA_TOTAL$DEFAULTVIEW(1.0),Passengers transported,A,Annual,MIO_PKM,Millions of passenger-kilometres,ME,Montenegro,2019,,66,,,,,
dataflow,ESTAT:RAIL_PA_TOTAL$DEFAULTVIEW(1.0),Passengers transported,A,Annual,MIO_PKM,Millions of passenger-kilometres,ME,Montenegro,2020,,28,,,,,
dataflow,ESTAT:RAIL_PA_TOTAL$DEFAULTVIEW(1.0),Passengers transported,A,Annual,MIO_PKM,Millions of passenger-kilometres,ME,Montenegro,2022,,52,,,,,
dataflow,ESTAT:RAIL_PA_TOTAL$DEFAULTVIEW(1.0),Passengers transported,A,Annual,MIO_PKM,Millions of passenger-kilometres,ME,Montenegro,2024,,70,,,,,
dataflow,ESTAT:RAIL_PA_TOTAL$DEFAULTVIEW(1.0),Passengers transported,A,Annual,MIO_PKM,Millions of passenger-kilometres,MK,North Macedonia,2015,,177,,,,,
dataflow,ESTAT:RAIL_PA_TOTAL$DEFAULTVIEW(1.0),Passengers transported,A,Annual,MIO_PKM,Millions of passenger-kilometres,MK,North Macedonia,2016,,83,,,,,
dataflow,ESTAT:RAIL_PA_TOTAL$DEFAULTVIEW(1.0),Passengers transported,A,Annual,MIO_PKM,Millions of passenger-kilometres,MK,North Macedonia,2017,,59,,,,,
dataflow,ESTAT:RAIL_PA_TOTAL$DEFAULTVIEW(1.0),Passengers transported,A,Annual,MIO_PKM,Millions of passenger-kilometres,MK,North Macedonia,2018,,63,,,,,
dataflow,ESTAT:RAIL_PA_TOTAL$DEFAULTVIEW(1.0),Passengers transported,A,Annual,MIO_PKM,Millions of passenger-kilometres,MK,North Macedonia,2019,,62,,,,,
dataflow,ESTAT:RAIL_PA_TOTAL$DEFAULTVIEW(1.0),Passengers transported,A,Annual,MIO_PKM,Millions of passenger-kilometres,MK,North Macedonia,2020,,25,,,,,
dataflow,ESTAT:RAIL_PA_TOTAL$DEFAULTVIEW(1.0),Passengers transported,A,Annual,MIO_PKM,Millions of passenger-kilometres,MK,North Macedonia,2021,,25,,,,,
dataflow,ESTAT:RAIL_PA_TOTAL$DEFAULTVIEW(1.0),Passengers transported,A,Annual,MIO_PKM,Millions of passenger-kilometres,MK,North Macedonia,2022,,46,,,,,
dataflow,ESTAT:RAIL_PA_TOTAL$DEFAULTVIEW(1.0),Passengers transported,A,Annual,MIO_PKM,Millions of passenger-kilometres,MK,North Macedonia,2023,,32,,,,,
dataflow,ESTAT:RAIL_PA_TOTAL$DEFAULTVIEW(1.0),Passengers transported,A,Annual,MIO_PKM,Millions of passenger-kilometres,MK,North Macedonia,2024,,26,,,,,
dataflow,ESTAT:RAIL_PA_TOTAL$DEFAULTVIEW(1.0),Passengers transported,A,Annual,MIO_PKM,Millions of passenger-kilometres,NL,Netherlands,2015,,18338,,,,,
dataflow,ESTAT:RAIL_PA_TOTAL$DEFAULTVIEW(1.0),Passengers transported,A,Annual,MIO_PKM,Millions of passenger-kilometres,NL,Netherlands,2016,,18531,,,,,
dataflow,ESTAT:RAIL_PA_TOTAL$DEFAULTVIEW(1.0),Passengers transported,A,Annual,MIO_PKM,Millions of passenger-kilometres,NL,Netherlands,2017,,18438,,,,,
dataflow,ESTAT:RAIL_PA_TOTAL$DEFAULTVIEW(1.0),Passengers transported,A,Annual,MIO_PKM,Millions of passenger-kilometres,NL,Netherlands,2018,,18895,,,,,
dataflow,ESTAT:RAIL_PA_TOTAL$DEFAULTVIEW(1.0),Passengers transported,A,Annual,MIO_PKM,Millions of passenger-kilometres,NL,Netherlands,2019,,19353,,,,,
dataflow,ESTAT:RAIL_PA_TOTAL$DEFAULTVIEW(1.0),Passengers transported,A,Annual,MIO_PKM,Millions of passenger-kilometres,NL,Netherlands,2020,,9164,,,,,
dataflow,ESTAT:RAIL_PA_TOTAL$DEFAULTVIEW(1.0),Passengers transported,A,Annual,MIO_PKM,Millions of passenger-kilometres,NL,Netherlands,2021,,10852,,,,,
dataflow,ESTAT:RAIL_PA_TOTAL$DEFAULTVIEW(1.0),Passengers transported,A,Annual,MIO_PKM,Millions of passenger-kilometres,NL,Netherlands,2022,,17105,,,,,
dataflow,ESTAT:RAIL_PA_TOTAL$DEFAULTVIEW(1.0),Passengers transported,A,Annual,MIO_PKM,Millions of passenger-kilometres,NL,Netherlands,2023,,19195,,,,,
dataflow,ESTAT:RAIL_PA_TOTAL$DEFAULTVIEW(1.0),Passengers transported,A,Annual,MIO_PKM,Millions of passenger-kilometres,NL,Netherlands,2024,,17019,,,,,
dataflow,ESTAT:RAIL_PA_TOTAL$DEFAULTVIEW(1.0),Passengers transported,A,Annual,MIO_PKM,Millions of passenger-kilometres,NO,Norway,2015,,3555,,,,,
dataflow,ESTAT:RAIL_PA_TOTAL$DEFAULTVIEW(1.0),Passengers transported,A,Annual,MIO_PKM,Millions of passenger-kilometres,NO,Norway,2016,,3695,,,,,
dataflow,ESTAT:RAIL_PA_TOTAL$DEFAULTVIEW(1.0),Passengers transported,A,Annual,MIO_PKM,Millions of passenger-kilometres,NO,Norway,2017,,3584,,,,,
dataflow,ESTAT:RAIL_PA_TOTAL$DEFAULTVIEW(1.0),Passengers transported,A,Annual,MIO_PKM,Millions of passenger-kilometres,NO,Norway,2018,,3722,,,,,
dataflow,ESTAT:RAIL_PA_TOTAL$DEFAULTVIEW(1.0),Passengers transported,A,Annual,MIO_PKM,Millions of passenger-kilometres,NO,Norway,2019,,3715,,,,,
dataflow,ESTAT:RAIL_PA_TOTAL$DEFAULTVIEW(1.0),Passengers transported,A,Annual,MIO_PKM,Millions of passenger-kilometres,NO,Norway,2020,,1804,,,,,
dataflow,ESTAT:RAIL_PA_TOTAL$DEFAULTVIEW(1.0),Passengers transported,A,Annual,MIO_PKM,Millions of passenger-kilometres,NO,Norway,2021,,1780,,,,,
dataflow,ESTAT:RAIL_PA_TOTAL$DEFAULTVIEW(1.0),Passengers transported,A,Annual,MIO_PKM,Millions of passenger-kilometres,NO,Norway,2022,,3079,,,,,
dataflow,ESTAT:RAIL_PA_TOTAL$DEFAULTVIEW(1.0),Passengers transported,A,Annual,MIO_PKM,Millions of passenger-kilometres,NO,Norway,2023,,3513,,,,,
dataflow,ESTAT:RAIL_PA_TOTAL$DEFAULTVIEW(1.0),Passengers transported,A,Annual,MIO_PKM,Millions of passenger-kilometres,NO,Norway,2024,,3876,,,,,
dataflow,ESTAT:RAIL_PA_TOTAL$DEFAULTVIEW(1.0),Passengers transported,A,Annual,MIO_PKM,Millions of passenger-kilometres,PL,Poland,2015,,17240,,,,,
dataflow,ESTAT:RAIL_PA_TOTAL$DEFAULTVIEW(1.0),Passengers transported,A,Annual,MIO_PKM,Millions of passenger-kilometres,PL,Poland,2016,,19067,,,,,
dataflow,ESTAT:RAIL_PA_TOTAL$DEFAULTVIEW(1.0),Passengers transported,A,Annual,MIO_PKM,Millions of passenger-kilometres,PL,Poland,2017,,20215,,,,,
dataflow,ESTAT:RAIL_PA_TOTAL$DEFAULTVIEW(1.0),Passengers transported,A,Annual,MIO_PKM,Millions of passenger-kilometres,PL,Poland,2018,,,,,,C,confidential
dataflow,ESTAT:RAIL_PA_TOTAL$DEFAULTVIEW(1.0),Passengers transported,A,Annual,MIO_PKM,Millions of passenger-kilometres,PL,Poland,2019,,,,,,C,confidential
dataflow,ESTAT:RAIL_PA_TOTAL$DEFAULTVIEW(1.0),Passengers transported,A,Annual,MIO_PKM,Millions of passenger-kilometres,PL,Poland,2020,,,,,,C,confidential
dataflow,ESTAT:RAIL_PA_TOTAL$DEFAULTVIEW(1.0),Passengers transported,A,Annual,MIO_PKM,Millions of passenger-kilometres,PL,Poland,2021,,,,,,C,confidential
dataflow,ESTAT:RAIL_PA_TOTAL$DEFAULTVIEW(1.0),Passengers transported,A,Annual,MIO_PKM,Millions of passenger-kilometres,PL,Poland,2022,,,,,,C,confidential
dataflow,ESTAT:RAIL_PA_TOTAL$DEFAULTVIEW(1.0),Passengers transported,A,Annual,MIO_PKM,Millions of passenger-kilometres,PL,Poland,2023,,,,,,C,confidential
dataflow,ESTAT:RAIL_PA_TOTAL$DEFAULTVIEW(1.0),Passengers transported,A,Annual,MIO_PKM,Millions of passenger-kilometres,PL,Poland,2024,,,,,,C,confidential
dataflow,ESTAT:RAIL_PA_TOTAL$DEFAULTVIEW(1.0),Passengers transported,A,Annual,MIO_PKM,Millions of passenger-kilometres,PT,Portugal,2015,,3957,,,,,
dataflow,ESTAT:RAIL_PA_TOTAL$DEFAULTVIEW(1.0),Passengers transported,A,Annual,MIO_PKM,Millions of passenger-kilometres,PT,Portugal,2016,,4266,,,,,
dataflow,ESTAT:RAIL_PA_TOTAL$DEFAULTVIEW(1.0),Passengers transported,A,Annual,MIO_PKM,Millions of passenger-kilometres,PT,Portugal,2017,,4516,,,,,
dataflow,ESTAT:RAIL_PA_TOTAL$DEFAULTVIEW(1.0),Passengers transported,A,Annual,MIO_PKM,Millions of passenger-kilometres,PT,Portugal,2018,,4570,,,,,
dataflow,ESTAT:RAIL_PA_TOTAL$DEFAULTVIEW(1.0),Passengers transported,A,Annual,MIO_PKM,Millions of passenger-kilometres,PT,Portugal,2019,,5055,,,,,
dataflow,ESTAT:RAIL_PA_TOTAL$DEFAULTVIEW(1.0),Passengers transported,A,Annual,MIO_PKM,Millions of passenger-kilometres,PT,Portugal,2020,,2563,,,,,
dataflow,ESTAT:RAIL_PA_TOTAL$DEFAULTVIEW(1.0),Passengers transported,A,Annual,MIO_PKM,Millions of passenger-kilometres,PT,Portugal,2021,,2912,,,,,
dataflow,ESTAT:RAIL_PA_TOTAL$DEFAULTVIEW(1.0),Passengers transported,A,Annual,MIO_PKM,Millions of passenger-kilometres,PT,Portugal,2022,,4419,,,,,
dataflow,ESTAT:RAIL_PA_TOTAL$DEFAULTVIEW(1.0),Passengers transported,A,Annual,MIO_PKM,Millions of passenger-kilometres,PT,Portugal,2023,,4829,,,,,
dataflow,ESTAT:RAIL_PA_TOTAL$DEFAULTVIEW(1.0),Passengers transported,A,Annual,MIO_PKM,Millions of passenger-kilometres,PT,Portugal,2024,,5447,,,,,
dataflow,ESTAT:RAIL_PA_TOTAL$DEFAULTVIEW(1.0),Passengers transported,A,Annual,MIO_PKM,Millions of passenger-kilometres,RO,Romania,2015,,5148,,,,,
dataflow,ESTAT:RAIL_PA_TOTAL$DEFAULTVIEW(1.0),Passengers transported,A,Annual,MIO_PKM,Millions of passenger-kilometres,RO,Romania,2016,,4988,,,,,
dataflow,ESTAT:RAIL_PA_TOTAL$DEFAULTVIEW(1.0),Passengers transported,A,Annual,MIO_PKM,Millions of passenger-kilometres,RO,Romania,2017,,5663,,,,,
dataflow,ESTAT:RAIL_PA_TOTAL$DEFAULTVIEW(1.0),Passengers transported,A,Annual,MIO_PKM,Millions of passenger-kilometres,RO,Romania,2018,,5577,,,,,
dataflow,ESTAT:RAIL_PA_TOTAL$DEFAULTVIEW(1.0),Passengers transported,A,Annual,MIO_PKM,Millions of passenger-kilometres,RO,Romania,2019,,5906,,,,,
dataflow,ESTAT:RAIL_PA_TOTAL$DEFAULTVIEW(1.0),Passengers transported,A,Annual,MIO_PKM,Millions of passenger-kilometres,RO,Romania,2020,,3720,,,,,
dataflow,ESTAT:RAIL_PA_TOTAL$DEFAULTVIEW(1.0),Passengers transported,A,Annual,MIO_PKM,Millions of passenger-kilometres,RO,Romania,2021,,4271,,,,,
dataflow,ESTAT:RAIL_PA_TOTAL$DEFAULTVIEW(1.0),Passengers transported,A,Annual,MIO_PKM,Millions of passenger-kilometres,RO,Romania,2022,,5795,,,,,
dataflow,ESTAT:RAIL_PA_TOTAL$DEFAULTVIEW(1.0),Passengers transported,A,Annual,MIO_PKM,Millions of passenger-kilometres,RO,Romania,2023,,6151,,,,,
dataflow,ESTAT:RAIL_PA_TOTAL$DEFAULTVIEW(1.0),Passengers transported,A,Annual,MIO_PKM,Millions of passenger-kilometres,RO,Romania,2024,,5942,,,,,
dataflow,ESTAT:RAIL_PA_TOTAL$DEFAULTVIEW(1.0),Passengers transported,A,Annual,MIO_PKM,Millions of passenger-kilometres,SE,Sweden,2015,,12741,,,,,
dataflow,ESTAT:RAIL_PA_TOTAL$DEFAULTVIEW(1.0),Passengers transported,A,Annual,MIO_PKM,Millions of passenger-kilometres,SE,Sweden,2016,,12800,,,,,
dataflow,ESTAT:RAIL_PA_TOTAL$DEFAULTVIEW(1.0),Passengers transported,A,Annual,MIO_PKM,Millions of passenger-kilometres,SE,Sweden,2017,,13331,,,,,
dataflow,ESTAT:RAIL_PA_TOTAL$DEFAULTVIEW(1.0),Passengers transported,A,Annual,MIO_PKM,Millions of passenger-kilometres,SE,Sweden,2018,,13547,,,,,
dataflow,ESTAT:RAIL_PA_TOTAL$DEFAULTVIEW(1.0),Passengers transported,A,Annual,MIO_PKM,Millions of passenger-kilometres,SE,Sweden,2019,,14617,,,,,
dataflow,ESTAT:RAIL_PA_TOTAL$DEFAULTVIEW(1.0),Passengers transported,A,Annual,MIO_PKM,Millions of passenger-kilometres,SE,Sweden,2020,,8129,,,,,
dataflow,ESTAT:RAIL_PA_TOTAL$DEFAULTVIEW(1.0),Passengers transported,A,Annual,MIO_PKM,Millions of passenger-kilometres,SE,Sweden,2021,,8027,,,,,
dataflow,ESTAT:RAIL_PA_TOTAL$DEFAULTVIEW(1.0),Passengers transported,A,Annual,MIO_PKM,Millions of passenger-kilometres,SE,Sweden,2022,,12879,,,,,
dataflow,ESTAT:RAIL_PA_TOTAL$DEFAULTVIEW(1.0),Passengers transported,A,Annual,MIO_PKM,Millions of passenger-kilometres,SE,Sweden,2023,,13308,,,,,
dataflow,ESTAT:RAIL_PA_TOTAL$DEFAULTVIEW(1.0),Passengers transported,A,Annual,MIO_PKM,Millions of passenger-kilometres,SE,Sweden,2024,,13626,,,,,
dataflow,ESTAT:RAIL_PA_TOTAL$DEFAULTVIEW(1.0),Passengers transported,A,Annual,MIO_PKM,Millions of passenger-kilometres,SI,Slovenia,2015,,628,,,,,
dataflow,ESTAT:RAIL_PA_TOTAL$DEFAULTVIEW(1.0),Passengers transported,A,Annual,MIO_PKM,Millions of passenger-kilometres,SI,Slovenia,2016,,611,,,,,
dataflow,ESTAT:RAIL_PA_TOTAL$DEFAULTVIEW(1.0),Passengers transported,A,Annual,MIO_PKM,Millions of passenger-kilometres,SI,Slovenia,2017,,570,,,,,
dataflow,ESTAT:RAIL_PA_TOTAL$DEFAULTVIEW(1.0),Passengers transported,A,Annual,MIO_PKM,Millions of passenger-kilometres,SI,Slovenia,2018,,568,,,,,
dataflow,ESTAT:RAIL_PA_TOTAL$DEFAULTVIEW(1.0),Passengers transported,A,Annual,MIO_PKM,Millions of passenger-kilometres,SI,Slovenia,2019,,572,,,,,
dataflow,ESTAT:RAIL_PA_TOTAL$DEFAULTVIEW(1.0),Passengers transported,A,Annual,MIO_PKM,Millions of passenger-kilometres,SI,Slovenia,2020,,338,,,,,
dataflow,ESTAT:RAIL_PA_TOTAL$DEFAULTVIEW(1.0),Passengers transported,A,Annual,MIO_PKM,Millions of passenger-kilometres,SI,Slovenia,2021,,504,,,,,
dataflow,ESTAT:RAIL_PA_TOTAL$DEFAULTVIEW(1.0),Passengers transported,A,Annual,MIO_PKM,Millions of passenger-kilometres,SI,Slovenia,2022,,645,,,,,
dataflow,ESTAT:RAIL_PA_TOTAL$DEFAULTVIEW(1.0),Passengers transported,A,Annual,MIO_PKM,Millions of passenger-kilometres,SI,Slovenia,2023,,742,,,,,
dataflow,ESTAT:RAIL_PA_TOTAL$DEFAULTVIEW(1.0),Passengers transported,A,Annual,MIO_PKM,Millions of passenger-kilometres,SI,Slovenia,2024,,886,,,,,
dataflow,ESTAT:RAIL_PA_TOTAL$DEFAULTVIEW(1.0),Passengers transported,A,Annual,MIO_PKM,Millions of passenger-kilometres,SK,Slovakia,2015,,3411,,,,,
dataflow,ESTAT:RAIL_PA_TOTAL$DEFAULTVIEW(1.0),Passengers transported,A,Annual,MIO_PKM,Millions of passenger-kilometres,SK,Slovakia,2016,,3484,,,,,
dataflow,ESTAT:RAIL_PA_TOTAL$DEFAULTVIEW(1.0),Passengers transported,A,Annual,MIO_PKM,Millions of passenger-kilometres,SK,Slovakia,2017,,3754,,,,,
dataflow,ESTAT:RAIL_PA_TOTAL$DEFAULTVIEW(1.0),Passengers transported,A,Annual,MIO_PKM,Millions of passenger-kilometres,SK,Slovakia,2018,,3792,,,,,
dataflow,ESTAT:RAIL_PA_TOTAL$DEFAULTVIEW(1.0),Passengers transported,A,Annual,MIO_PKM,Millions of passenger-kilometres,SK,Slovakia,2019,,3957,,,,,
dataflow,ESTAT:RAIL_PA_TOTAL$DEFAULTVIEW(1.0),Passengers transported,A,Annual,MIO_PKM,Millions of passenger-kilometres,SK,Slovakia,2020,,2133,,,,,
dataflow,ESTAT:RAIL_PA_TOTAL$DEFAULTVIEW(1.0),Passengers transported,A,Annual,MIO_PKM,Millions of passenger-kilometres,SK,Slovakia,2021,,1969,,,,,
dataflow,ESTAT:RAIL_PA_TOTAL$DEFAULTVIEW(1.0),Passengers transported,A,Annual,MIO_PKM,Millions of passenger-kilometres,SK,Slovakia,2022,,3168,,,,,
dataflow,ESTAT:RAIL_PA_TOTAL$DEFAULTVIEW(1.0),Passengers transported,A,Annual,MIO_PKM,Millions of passenger-kilometres,SK,Slovakia,2023,,3543,,,,,
dataflow,ESTAT:RAIL_PA_TOTAL$DEFAULTVIEW(1.0),Passengers transported,A,Annual,MIO_PKM,Millions of passenger-kilometres,SK,Slovakia,2024,,3571,,,,,
dataflow,ESTAT:RAIL_PA_TOTAL$DEFAULTVIEW(1.0),Passengers transported,A,Annual,MIO_PKM,Millions of passenger-kilometres,TR,Türkiye,2015,,3708,,,,,
dataflow,ESTAT:RAIL_PA_TOTAL$DEFAULTVIEW(1.0),Passengers transported,A,Annual,MIO_PKM,Millions of passenger-kilometres,TR,Türkiye,2016,,3323,,,,,
dataflow,ESTAT:RAIL_PA_TOTAL$DEFAULTVIEW(1.0),Passengers transported,A,Annual,MIO_PKM,Millions of passenger-kilometres,TR,Türkiye,2017,,3633,,,,,
dataflow,ESTAT:RAIL_PA_TOTAL$DEFAULTVIEW(1.0),Passengers transported,A,Annual,MIO_PKM,Millions of passenger-kilometres,TR,Türkiye,2018,,4374,,,,,
dataflow,ESTAT:RAIL_PA_TOTAL$DEFAULTVIEW(1.0),Passengers transported,A,Annual,MIO_PKM,Millions of passenger-kilometres,TR,Türkiye,2019,,4912,,,,,
dataflow,ESTAT:RAIL_PA_TOTAL$DEFAULTVIEW(1.0),Passengers transported,A,Annual,MIO_PKM,Millions of passenger-kilometres,TR,Türkiye,2020,,1520,,,,,
dataflow,ESTAT:RAIL_PA_TOTAL$DEFAULTVIEW(1.0),Passengers transported,A,Annual,MIO_PKM,Millions of passenger-kilometres,TR,Türkiye,2021,,2251,,,,,
dataflow,ESTAT:RAIL_PA_TOTAL$DEFAULTVIEW(1.0),Passengers transported,A,Annual,MIO_PKM,Millions of passenger-kilometres,TR,Türkiye,2022,,5922,,,,,
dataflow,ESTAT:RAIL_PA_TOTAL$DEFAULTVIEW(1.0),Passengers transported,A,Annual,MIO_PKM,Millions of passenger-kilometres,TR,Türkiye,2023,,6245,,,,,
dataflow,ESTAT:RAIL_PA_TOTAL$DEFAULTVIEW(1.0),Passengers transported,A,Annual,MIO_PKM,Millions of passenger-kilometres,TR,Türkiye,2024,,6273,,,,,
dataflow,ESTAT:RAIL_PA_TOTAL$DEFAULTVIEW(1.0),Passengers transported,A,Annual,MIO_PKM,Millions of passenger-kilometres,UK,United Kingdom,2015,,66594,,,,,
dataflow,ESTAT:RAIL_PA_TOTAL$DEFAULTVIEW(1.0),Passengers transported,A,Annual,MIO_PKM,Millions of passenger-kilometres,UK,United Kingdom,2016,,68010,,,,,
dataflow,ESTAT:RAIL_PA_TOTAL$DEFAULTVIEW(1.0),Passengers transported,A,Annual,MIO_PKM,Millions of passenger-kilometres,UK,United Kingdom,2017,,68912,,,,,
dataflow,ESTAT:RAIL_PA_TOTAL$DEFAULTVIEW(1.0),Passengers transported,A,Annual,MIO_PKM,Millions of passenger-kilometres,UK,United Kingdom,2018,,69706,,,,,
dataflow,ESTAT:RAIL_PA_TOTAL$DEFAULTVIEW(1.0),Passengers transported,A,Annual,MIO_PKM,Millions of passenger-kilometres,UK,United Kingdom,2019,,71823,,,,,
dataflow,ESTAT:RAIL_PA_TOTAL$DEFAULTVIEW(1.0),Passengers transported,A,Annual,THS_PAS,Thousand passengers,AT,Austria,2015,,280060,,,,,
dataflow,ESTAT:RAIL_PA_TOTAL$DEFAULTVIEW(1.0),Passengers transported,A,Annual,THS_PAS,Thousand passengers,AT,Austria,2016,,286990,,,,,
dataflow,ESTAT:RAIL_PA_TOTAL$DEFAULTVIEW(1.0),Passengers transported,A,Annual,THS_PAS,Thousand passengers,AT,Austria,2017,,288503,,,,,
dataflow,ESTAT:RAIL_PA_TOTAL$DEFAULTVIEW(1.0),Passengers transported,A,Annual,THS_PAS,Thousand passengers,AT,Austria,2018,,307647,,,,,
dataflow,ESTAT:RAIL_PA_TOTAL$DEFAULTVIEW(1.0),Passengers transported,A,Annual,THS_PAS,Thousand passengers,AT,Austria,2019,,314892,,,,,
dataflow,ESTAT:RAIL_PA_TOTAL$DEFAULTVIEW(1.0),Passengers transported,A,Annual,THS_PAS,Thousand passengers,AT,Austria,2020,,191272,,,,,
dataflow,ESTAT:RAIL_PA_TOTAL$DEFAULTVIEW(1.0),Passengers transported,A,Annual,THS_PAS,Thousand passengers,AT,Austria,2021,,217501,,,,,
dataflow,ESTAT:RAIL_PA_TOTAL$DEFAULTVIEW(1.0),Passengers transported,A,Annual,THS_PAS,Thousand passengers,AT,Austria,2022,,292479,,,,,
dataflow,ESTAT:RAIL_PA_TOTAL$DEFAULTVIEW(1.0),Passengers transported,A,Annual,THS_PAS,Thousand passengers,AT,Austria,2023,,325362,,,,,
dataflow,ESTAT:RAIL_PA_TOTAL$DEFAULTVIEW(1.0),Passengers transported,A,Annual,THS_PAS,Thousand passengers,AT,Austria,2024,,348219,,,,,
dataflow,ESTAT:RAIL_PA_TOTAL$DEFAULTVIEW(1.0),Passengers transported,A,Annual,THS_PAS,Thousand passengers,BA,Bosnia and Herzegovina,2015,,512,,,,,
dataflow,ESTAT:RAIL_PA_TOTAL$DEFAULTVIEW(1.0),Passengers transported,A,Annual,THS_PAS,Thousand passengers,BA,Bosnia and Herzegovina,2016,,418,,,,,
dataflow,ESTAT:RAIL_PA_TOTAL$DEFAULTVIEW(1.0),Passengers transported,A,Annual,THS_PAS,Thousand passengers,BA,Bosnia and Herzegovina,2017,,472,,,,,
dataflow,ESTAT:RAIL_PA_TOTAL$DEFAULTVIEW(1.0),Passengers transported,A,Annual,THS_PAS,Thousand passengers,BA,Bosnia and Herzegovina,2018,,549,,,,,
dataflow,ESTAT:RAIL_PA_TOTAL$DEFAULTVIEW(1.0),Passengers transported,A,Annual,THS_PAS,Thousand passengers,BA,Bosnia and Herzegovina,2019,,657,,,,,
dataflow,ESTAT:RAIL_PA_TOTAL$DEFAULTVIEW(1.0),Passengers transported,A,Annual,THS_PAS,Thousand passengers,BA,Bosnia and Herzegovina,2020,,181,,,,,
dataflow,ESTAT:RAIL_PA_TOTAL$DEFAULTVIEW(1.0),Passengers transported,A,Annual,THS_PAS,Thousand passengers,BA,Bosnia and Herzegovina,2021,,250,,,,,
dataflow,ESTAT:RAIL_PA_TOTAL$DEFAULTVIEW(1.0),Passengers transported,A,Annual,THS_PAS,Thousand passengers,BA,Bosnia and Herzegovina,2022,,442,,,,,
dataflow,ESTAT:RAIL_PA_TOTAL$DEFAULTVIEW(1.0),Passengers transported,A,Annual,THS_PAS,Thousand passengers,BA,Bosnia and Herzegovina,2023,,448,,,,,
dataflow,ESTAT:RAIL_PA_TOTAL$DEFAULTVIEW(1.0),Passengers transported,A,Annual,THS_PAS,Thousand passengers,BA,Bosnia and Herzegovina,2024,,421,,,,,
dataflow,ESTAT:RAIL_PA_TOTAL$DEFAULTVIEW(1.0),Passengers transported,A,Annual,THS_PAS,Thousand passengers,BE,Belgium,2015,,,,,,C,confidential
dataflow,ESTAT:RAIL_PA_TOTAL$DEFAULTVIEW(1.0),Passengers transported,A,Annual,THS_PAS,Thousand passengers,BE,Belgium,2016,,,,,,C,confidential
dataflow,ESTAT:RAIL_PA_TOTAL$DEFAULTVIEW(1.0),Passengers transported,A,Annual,THS_PAS,Thousand passengers,BE,Belgium,2017,,,,,,C,confidential
dataflow,ESTAT:RAIL_PA_TOTAL$DEFAULTVIEW(1.0),Passengers transported,A,Annual,THS_PAS,Thousand passengers,BE,Belgium,2018,,,,,,C,confidential
dataflow,ESTAT:RAIL_PA_TOTAL$DEFAULTVIEW(1.0),Passengers transported,A,Annual,THS_PAS,Thousand passengers,BE,Belgium,2019,,,,,,C,confidential
dataflow,ESTAT:RAIL_PA_TOTAL$DEFAULTVIEW(1.0),Passengers transported,A,Annual,THS_PAS,Thousand passengers,BE,Belgium,2020,,,,,,C,confidential
dataflow,ESTAT:RAIL_PA_TOTAL$DEFAULTVIEW(1.0),Passengers transported,A,Annual,THS_PAS,Thousand passengers,BE,Belgium,2021,,,,,,C,confidential
dataflow,ESTAT:RAIL_PA_TOTAL$DEFAULTVIEW(1.0),Passengers transported,A,Annual,THS_PAS,Thousand passengers,BE,Belgium,2022,,,,,,C,confidential
dataflow,ESTAT:RAIL_PA_TOTAL$DEFAULTVIEW(1.0),Passengers transported,A,Annual,THS_PAS,Thousand passengers,BE,Belgium,2023,,,,,,C,confidential
dataflow,ESTAT:RAIL_PA_TOTAL$DEFAULTVIEW(1.0),Passengers transported,A,Annual,THS_PAS,Thousand passengers,BE,Belgium,2024,,,,,,C,confidential
dataflow,ESTAT:RAIL_PA_TOTAL$DEFAULTVIEW(1.0),Passengers transported,A,Annual,THS_PAS,Thousand passengers,BG,Bulgaria,2015,,22518,,,,,
dataflow,ESTAT:RAIL_PA_TOTAL$DEFAULTVIEW(1.0),Passengers transported,A,Annual,THS_PAS,Thousand passengers,BG,Bulgaria,2016,,21425,,,,,
dataflow,ESTAT:RAIL_PA_TOTAL$DEFAULTVIEW(1.0),Passengers transported,A,Annual,THS_PAS,Thousand passengers,BG,Bulgaria,2017,,21195,,,,,
dataflow,ESTAT:RAIL_PA_TOTAL$DEFAULTVIEW(1.0),Passengers transported,A,Annual,THS_PAS,Thousand passengers,BG,Bulgaria,2018,,21329,,,,,
dataflow,ESTAT:RAIL_PA_TOTAL$DEFAULTVIEW(1.0),Passengers transported,A,Annual,THS_PAS,Thousand passengers,BG,Bulgaria,2019,,21329,,,,,
dataflow,ESTAT:RAIL_PA_TOTAL$DEFAULTVIEW(1.0),Passengers transported,A,Annual,THS_PAS,Thousand passengers,BG,Bulgaria,2020,,16808,,,,,
dataflow,ESTAT:RAIL_PA_TOTAL$DEFAULTVIEW(1.0),Passengers transported,A,Annual,THS_PAS,Thousand passengers,BG,Bulgaria,2021,,17142,,,,,
dataflow,ESTAT:RAIL_PA_TOTAL$DEFAULTVIEW(1.0),Passengers transported,A,Annual,THS_PAS,Thousand passengers,BG,Bulgaria,2022,,23065,,,,,
dataflow,ESTAT:RAIL_PA_TOTAL$DEFAULTVIEW(1.0),Passengers transported,A,Annual,THS_PAS,Thousand passengers,BG,Bulgaria,2023,,21811,,,,,
dataflow,ESTAT:RAIL_PA_TOTAL$DEFAULTVIEW(1.0),Passengers transported,A,Annual,THS_PAS,Thousand passengers,BG,Bulgaria,2024,,21141,,,,,
dataflow,ESTAT:RAIL_PA_TOTAL$DEFAULTVIEW(1.0),Passengers transported,A,Annual,THS_PAS,Thousand passengers,CH,Switzerland,2015,,582889,,,,,
dataflow,ESTAT:RAIL_PA_TOTAL$DEFAULTVIEW(1.0),Passengers transported,A,Annual,THS_PAS,Thousand passengers,CH,Switzerland,2016,,602659,,,,,
dataflow,ESTAT:RAIL_PA_TOTAL$DEFAULTVIEW(1.0),Passengers transported,A,Annual,THS_PAS,Thousand passengers,CH,Switzerland,2017,,607941,,,,,
dataflow,ESTAT:RAIL_PA_TOTAL$DEFAULTVIEW(1.0),Passengers transported,A,Annual,THS_PAS,Thousand passengers,CH,Switzerland,2018,,607567,,,,,
dataflow,ESTAT:RAIL_PA_TOTAL$DEFAULTVIEW(1.0),Passengers transported,A,Annual,THS_PAS,Thousand passengers,CH,Switzerland,2019,,635595,,,,,
dataflow,ESTAT:RAIL_PA_TOTAL$DEFAULTVIEW(1.0),Passengers transported,A,Annual,THS_PAS,Thousand passengers,CH,Switzerland,2020,,402610,,,,,
dataflow,ESTAT:RAIL_PA_TOTAL$DEFAULTVIEW(1.0),Passengers transported,A,Annual,THS_PAS,Thousand passengers,CH,Switzerland,2021,,420912,,,,,
dataflow,ESTAT:RAIL_PA_TOTAL$DEFAULTVIEW(1.0),Passengers transported,A,Annual,THS_PAS,Thousand passengers,CH,Switzerland,2022,,536207,,,,,
dataflow,ESTAT:RAIL_PA_TOTAL$DEFAULTVIEW(1.0),Passengers transported,A,Annual,THS_PAS,Thousand passengers,CH,Switzerland,2023,,607748,,,,,
dataflow,ESTAT:RAIL_PA_TOTAL$DEFAULTVIEW(1.0),Passengers transported,A,Annual,THS_PAS,Thousand passengers,CH,Switzerland,2024,,641799,,,,,
dataflow,ESTAT:RAIL_PA_TOTAL$DEFAULTVIEW(1.0),Passengers transported,A,Annual,THS_PAS,Thousand passengers,CZ,Czechia,2015,,176146,,,,,
dataflow,ESTAT:RAIL_PA_TOTAL$DEFAULTVIEW(1.0),Passengers transported,A,Annual,THS_PAS,Thousand passengers,CZ,Czechia,2016,,178766,,,,,
dataflow,ESTAT:RAIL_PA_TOTAL$DEFAULTVIEW(1.0),Passengers transported,A,Annual,THS_PAS,Thousand passengers,CZ,Czechia,2017,,182724,,,,,
dataflow,ESTAT:RAIL_PA_TOTAL$DEFAULTVIEW(1.0),Passengers transported,A,Annual,THS_PAS,Thousand passengers,CZ,Czechia,2018,,189288,,,,,
dataflow,ESTAT:RAIL_PA_TOTAL$DEFAULTVIEW(1.0),Passengers transported,A,Annual,THS_PAS,Thousand passengers,CZ,Czechia,2019,,193569,,,,,
dataflow,ESTAT:RAIL_PA_TOTAL$DEFAULTVIEW(1.0),Passengers transported,A,Annual,THS_PAS,Thousand passengers,CZ,Czechia,2020,,129308,,,,,
dataflow,ESTAT:RAIL_PA_TOTAL$DEFAULTVIEW(1.0),Passengers transported,A,Annual,THS_PAS,Thousand passengers,CZ,Czechia,2021,,135083,,,,,
dataflow,ESTAT:RAIL_PA_TOTAL$DEFAULTVIEW(1.0),Passengers transported,A,Annual,THS_PAS,Thousand passengers,CZ,Czechia,2022,,174327,,,,,
dataflow,ESTAT:RAIL_PA_TOTAL$DEFAULTVIEW(1.0),Passengers transported,A,Annual,THS_PAS,Thousand passengers,CZ,Czechia,2023,,183979,,,,,
dataflow,ESTAT:RAIL_PA_TOTAL$DEFAULTVIEW(1.0),Passengers transported,A,Annual,THS_PAS,Thousand passengers,CZ,Czechia,2024,,191171,,,,,
dataflow,ESTAT:RAIL_PA_TOTAL$DEFAULTVIEW(1.0),Passengers transported,A,Annual,THS_PAS,Thousand passengers,DE,Germany,2015,,2684908,,,,,
dataflow,ESTAT:RAIL_PA_TOTAL$DEFAULTVIEW(1.0),Passengers transported,A,Annual,THS_PAS,Thousand passengers,DE,Germany,2016,,2813782,,,,,
dataflow,ESTAT:RAIL_PA_TOTAL$DEFAULTVIEW(1.0),Passengers transported,A,Annual,THS_PAS,Thousand passengers,DE,Germany,2017,,2831443,,,,,
dataflow,ESTAT:RAIL_PA_TOTAL$DEFAULTVIEW(1.0),Passengers transported,A,Annual,THS_PAS,Thousand passengers,DE,Germany,2018,,2880558,,,,,
dataflow,ESTAT:RAIL_PA_TOTAL$DEFAULTVIEW(1.0),Passengers transported,A,Annual,THS_PAS,Thousand passengers,DE,Germany,2019,,2938023,,,,,
dataflow,ESTAT:RAIL_PA_TOTAL$DEFAULTVIEW(1.0),Passengers transported,A,Annual,THS_PAS,Thousand passengers,DE,Germany,2020,,1752198,,,,,
dataflow,ESTAT:RAIL_PA_TOTAL$DEFAULTVIEW(1.0),Passengers transported,A,Annual,THS_PAS,Thousand passengers,DE,Germany,2021,,1761388,,,,,
dataflow,ESTAT:RAIL_PA_TOTAL$DEFAULTVIEW(1.0),Passengers transported,A,Annual,THS_PAS,Thousand passengers,DE,Germany,2022,,2505856,,,,,
dataflow,ESTAT:RAIL_PA_TOTAL$DEFAULTVIEW(1.0),Passengers transported,A,Annual,THS_PAS,Thousand passengers,DE,Germany,2023,,2727923,,,,,
dataflow,ESTAT:RAIL_PA_TOTAL$DEFAULTVIEW(1.0),Passengers transported,A,Annual,THS_PAS,Thousand passengers,DE,Germany,2024,,2929624,,,,,
dataflow,ESTAT:RAIL_PA_TOTAL$DEFAULTVIEW(1.0),Passengers transported,A,Annual,THS_PAS,Thousand passengers,DK,Denmark,2015,,212253,,,,,
dataflow,ESTAT:RAIL_PA_TOTAL$DEFAULTVIEW(1.0),Passengers transported,A,Annual,THS_PAS,Thousand passengers,DK,Denmark,2016,,211399,,,,,
dataflow,ESTAT:RAIL_PA_TOTAL$DEFAULTVIEW(1.0),Passengers transported,A,Annual,THS_PAS,Thousand passengers,DK,Denmark,2017,,206566,,,,,
dataflow,ESTAT:RAIL_PA_TOTAL$DEFAULTVIEW(1.0),Passengers transported,A,Annual,THS_PAS,Thousand passengers,DK,Denmark,2018,,205307,,,,,
dataflow,ESTAT:RAIL_PA_TOTAL$DEFAULTVIEW(1.0),Passengers transported,A,Annual,THS_PAS,Thousand passengers,DK,Denmark,2019,,206601,,,,,
dataflow,ESTAT:RAIL_PA_TOTAL$DEFAULTVIEW(1.0),Passengers transported,A,Annual,THS_PAS,Thousand passengers,DK,Denmark,2020,,133900,,,,,
dataflow,ESTAT:RAIL_PA_TOTAL$DEFAULTVIEW(1.0),Passengers transported,A,Annual,THS_PAS,Thousand passengers,DK,Denmark,2021,,134076,,,,,
dataflow,ESTAT:RAIL_PA_TOTAL$DEFAULTVIEW(1.0),Passengers transported,A,Annual,THS_PAS,Thousand passengers,DK,Denmark,2022,,184897,,,,,
dataflow,ESTAT:RAIL_PA_TOTAL$DEFAULTVIEW(1.0),Passengers transported,A,Annual,THS_PAS,Thousand passengers,DK,Denmark,2023,,202866,,,,,
dataflow,ESTAT:RAIL_PA_TOTAL$DEFAULTVIEW(1.0),Passengers transported,A,Annual,THS_PAS,Thousand passengers,DK,Denmark,2024,,210447,,,,,
dataflow,ESTAT:RAIL_PA_TOTAL$DEFAULTVIEW(1.0),Passengers transported,A,Annual,THS_PAS,Thousand passengers,EE,Estonia,2015,,6659,,,,,
dataflow,ESTAT:RAIL_PA_TOTAL$DEFAULTVIEW(1.0),Passengers transported,A,Annual,THS_PAS,Thousand passengers,EE,Estonia,2016,,6926,,,,,
dataflow,ESTAT:RAIL_PA_TOTAL$DEFAULTVIEW(1.0),Passengers transported,A,Annual,THS_PAS,Thousand passengers,EE,Estonia,2017,,7433,,,,,
dataflow,ESTAT:RAIL_PA_TOTAL$DEFAULTVIEW(1.0),Passengers transported,A,Annual,THS_PAS,Thousand passengers,EE,Estonia,2018,,7759,,,,,
dataflow,ESTAT:RAIL_PA_TOTAL$DEFAULTVIEW(1.0),Passengers transported,A,Annual,THS_PAS,Thousand passengers,EE,Estonia,2019,,8373,,,,,
dataflow,ESTAT:RAIL_PA_TOTAL$DEFAULTVIEW(1.0),Passengers transported,A,Annual,THS_PAS,Thousand passengers,EE,Estonia,2020,,5984,,,,,
dataflow,ESTAT:RAIL_PA_TOTAL$DEFAULTVIEW(1.0),Passengers transported,A,Annual,THS_PAS,Thousand passengers,EE,Estonia,2021,,6077,,,,,
dataflow,ESTAT:RAIL_PA_TOTAL$DEFAULTVIEW(1.0),Passengers transported,A,Annual,THS_PAS,Thousand passengers,EE,Estonia,2022,,7129,,,,,
dataflow,ESTAT:RAIL_PA_TOTAL$DEFAULTVIEW(1.0),Passengers transported,A,Annual,THS_PAS,Thousand passengers,EE,Estonia,2023,,7805,,,,,
dataflow,ESTAT:RAIL_PA_TOTAL$DEFAULTVIEW(1.0),Passengers transported,A,Annual,THS_PAS,Thousand passengers,EE,Estonia,2024,,7944,,,,,
dataflow,ESTAT:RAIL_PA_TOTAL$DEFAULTVIEW(1.0),Passengers transported,A,Annual,THS_PAS,Thousand passengers,EL,Greece,2015,,16040,,,,,
dataflow,ESTAT:RAIL_PA_TOTAL$DEFAULTVIEW(1.0),Passengers transported,A,Annual,THS_PAS,Thousand passengers,EL,Greece,2016,,15582,,,,,
dataflow,ESTAT:RAIL_PA_TOTAL$DEFAULTVIEW(1.0),Passengers transported,A,Annual,THS_PAS,Thousand passengers,EL,Greece,2017,,15359,,,,,
dataflow,ESTAT:RAIL_PA_TOTAL$DEFAULTVIEW(1.0),Passengers transported,A,Annual,THS_PAS,Thousand passengers,EL,Greece,2018,,16795,,,,,
dataflow,ESTAT:RAIL_PA_TOTAL$DEFAULTVIEW(1.0),Passengers transported,A,Annual,THS_PAS,Thousand passengers,EL,Greece,2019,,19599,,,,,
dataflow,ESTAT:RAIL_PA_TOTAL$DEFAULTVIEW(1.0),Passengers transported,A,Annual,THS_PAS,Thousand passengers,EL,Greece,2020,,10220,,,,,
dataflow,ESTAT:RAIL_PA_TOTAL$DEFAULTVIEW(1.0),Passengers transported,A,Annual,THS_PAS,Thousand passengers,EL,Greece,2021,,10029,,,,,
dataflow,ESTAT:RAIL_PA_TOTAL$DEFAULTVIEW(1.0),Passengers transported,A,Annual,THS_PAS,Thousand passengers,EL,Greece,2022,,15421,,,,,
dataflow,ESTAT:RAIL_PA_TOTAL$DEFAULTVIEW(1.0),Passengers transported,A,Annual,THS_PAS,Thousand passengers,EL,Greece,2023,,12807,,,,,
dataflow,ESTAT:RAIL_PA_TOTAL$DEFAULTVIEW(1.0),Passengers transported,A,Annual,THS_PAS,Thousand passengers,EL,Greece,2024,,14053,,,,,
dataflow,ESTAT:RAIL_PA_TOTAL$DEFAULTVIEW(1.0),Passengers transported,A,Annual,THS_PAS,Thousand passengers,ES,Spain,2015,,567854,,,,,
dataflow,ESTAT:RAIL_PA_TOTAL$DEFAULTVIEW(1.0),Passengers transported,A,Annual,THS_PAS,Thousand passengers,ES,Spain,2016,,575572,,,,,
dataflow,ESTAT:RAIL_PA_TOTAL$DEFAULTVIEW(1.0),Passengers transported,A,Annual,THS_PAS,Thousand passengers,ES,Spain,2017,,600296,,,,,
dataflow,ESTAT:RAIL_PA_TOTAL$DEFAULTVIEW(1.0),Passengers transported,A,Annual,THS_PAS,Thousand passengers,ES,Spain,2018,,601912,,,,,
dataflow,ESTAT:RAIL_PA_TOTAL$DEFAULTVIEW(1.0),Passengers transported,A,Annual,THS_PAS,Thousand passengers,ES,Spain,2019,,634954,,,,,
dataflow,ESTAT:RAIL_PA_TOTAL$DEFAULTVIEW(1.0),Passengers transported,A,Annual,THS_PAS,Thousand passengers,ES,Spain,2020,,333397,,,,,
dataflow,ESTAT:RAIL_PA_TOTAL$DEFAULTVIEW(1.0),Passengers transported,A,Annual,THS_PAS,Thousand passengers,ES,Spain,2021,,418501,,,,,
dataflow,ESTAT:RAIL_PA_TOTAL$DEFAULTVIEW(1.0),Passengers transported,A,Annual,THS_PAS,Thousand passengers,ES,Spain,2022,,554154,,,,,
dataflow,ESTAT:RAIL_PA_TOTAL$DEFAULTVIEW(1.0),Passengers transported,A,Annual,THS_PAS,Thousand passengers,ES,Spain,2023,,666205,,,,,
dataflow,ESTAT:RAIL_PA_TOTAL$DEFAULTVIEW(1.0),Passengers transported,A,Annual,THS_PAS,Thousand passengers,ES,Spain,2024,,691733,,,,,
dataflow,ESTAT:RAIL_PA_TOTAL$DEFAULTVIEW(1.0),Passengers transported,A,Annual,THS_PAS,Thousand passengers,FI,Finland,2015,,75952,,,,,
dataflow,ESTAT:RAIL_PA_TOTAL$DEFAULTVIEW(1.0),Passengers transported,A,Annual,THS_PAS,Thousand passengers,FI,Finland,2016,,82114,,,,,
dataflow,ESTAT:RAIL_PA_TOTAL$DEFAULTVIEW(1.0),Passengers transported,A,Annual,THS_PAS,Thousand passengers,FI,Finland,2017,,85703,,,,,
dataflow,ESTAT:RAIL_PA_TOTAL$DEFAULTVIEW(1.0),Passengers transported,A,Annual,THS_PAS,Thousand passengers,FI,Finland,2018,,87502,,,,,
dataflow,ESTAT:RAIL_PA_TOTAL$DEFAULTVIEW(1.0),Passengers transported,A,Annual,THS_PAS,Thousand passengers,FI,Finland,2019,,92801,,,,,
dataflow,ESTAT:RAIL_PA_TOTAL$DEFAULTVIEW(1.0),Passengers transported,A,Annual,THS_PAS,Thousand passengers,FI,Finland,2020,,59550,,,,,
dataflow,ESTAT:RAIL_PA_TOTAL$DEFAULTVIEW(1.0),Passengers transported,A,Annual,THS_PAS,Thousand passengers,FI,Finland,2021,,55009,,,,,
dataflow,ESTAT:RAIL_PA_TOTAL$DEFAULTVIEW(1.0),Passengers transported,A,Annual,THS_PAS,Thousand passengers,FI,Finland,2022,,76089,,,,,
dataflow,ESTAT:RAIL_PA_TOTAL$DEFAULTVIEW(1.0),Passengers transported,A,Annual,THS_PAS,Thousand passengers,FI,Finland,2023,,82406,,,,,
dataflow,ESTAT:RAIL_PA_TOTAL$DEFAULTVIEW(1.0),Passengers transported,A,Annual,THS_PAS,Thousand passengers,FI,Finland,2024,,84574,,,,,
dataflow,ESTAT:RAIL_PA_TOTAL$DEFAULTVIEW(1.0),Passengers transported,A,Annual,THS_PAS,Thousand passengers,FR,France,2015,,1204201,,,,,
dataflow,ESTAT:RAIL_PA_TOTAL$DEFAULTVIEW(1.0),Passengers transported,A,Annual,THS_PAS,Thousand passengers,FR,France,2016,,1234996,,,,,
dataflow,ESTAT:RAIL_PA_TOTAL$DEFAULTVIEW(1.0),Passengers transported,A,Annual,THS_PAS,Thousand passengers,FR,France,2017,,1277193,,,,,
dataflow,ESTAT:RAIL_PA_TOTAL$DEFAULTVIEW(1.0),Passengers transported,A,Annual,THS_PAS,Thousand passengers,FR,France,2018,,1246580,,,,,
dataflow,ESTAT:RAIL_PA_TOTAL$DEFAULTVIEW(1.0),Passengers transported,A,Annual,THS_PAS,Thousand passengers,FR,France,2019,,1265492,,,,,
dataflow,ESTAT:RAIL_PA_TOTAL$DEFAULTVIEW(1.0),Passengers transported,A,Annual,THS_PAS,Thousand passengers,FR,France,2020,,723809,,,,,
dataflow,ESTAT:RAIL_PA_TOTAL$DEFAULTVIEW(1.0),Passengers transported,A,Annual,THS_PAS,Thousand passengers,FR,France,2021,,894536,,,,,
dataflow,ESTAT:RAIL_PA_TOTAL$DEFAULTVIEW(1.0),Passengers transported,A,Annual,THS_PAS,Thousand passengers,FR,France,2022,,1141822,,,,,
dataflow,ESTAT:RAIL_PA_TOTAL$DEFAULTVIEW(1.0),Passengers transported,A,Annual,THS_PAS,Thousand passengers,FR,France,2023,,1226405,,,,,
dataflow,ESTAT:RAIL_PA_TOTAL$DEFAULTVIEW(1.0),Passengers transported,A,Annual,THS_PAS,Thousand passengers,FR,France,2024,,1320115,,,,,
dataflow,ESTAT:RAIL_PA_TOTAL$DEFAULTVIEW(1.0),Passengers transported,A,Annual,THS_PAS,Thousand passengers,HR,Croatia,2015,,21649,,,,,
dataflow,ESTAT:RAIL_PA_TOTAL$DEFAULTVIEW(1.0),Passengers transported,A,Annual,THS_PAS,Thousand passengers,HR,Croatia,2016,,20709,,,,,
dataflow,ESTAT:RAIL_PA_TOTAL$DEFAULTVIEW(1.0),Passengers transported,A,Annual,THS_PAS,Thousand passengers,HR,Croatia,2017,,19803,,,,,
dataflow,ESTAT:RAIL_PA_TOTAL$DEFAULTVIEW(1.0),Passengers transported,A,Annual,THS_PAS,Thousand passengers,HR,Croatia,2018,,20244,,,,,
dataflow,ESTAT:RAIL_PA_TOTAL$DEFAULTVIEW(1.0),Passengers transported,A,Annual,THS_PAS,Thousand passengers,HR,Croatia,2019,,19827,,,,,
dataflow,ESTAT:RAIL_PA_TOTAL$DEFAULTVIEW(1.0),Passengers transported,A,Annual,THS_PAS,Thousand passengers,HR,Croatia,2020,,13100,,,,,
dataflow,ESTAT:RAIL_PA_TOTAL$DEFAULTVIEW(1.0),Passengers transported,A,Annual,THS_PAS,Thousand passengers,HR,Croatia,2021,,13534,,,,,
dataflow,ESTAT:RAIL_PA_TOTAL$DEFAULTVIEW(1.0),Passengers transported,A,Annual,THS_PAS,Thousand passengers,HR,Croatia,2022,,18581,,,,,
dataflow,ESTAT:RAIL_PA_TOTAL$DEFAULTVIEW(1.0),Passengers transported,A,Annual,THS_PAS,Thousand passengers,HR,Croatia,2023,,23851,,,,,
dataflow,ESTAT:RAIL_PA_TOTAL$DEFAULTVIEW(1.0),Passengers transported,A,Annual,THS_PAS,Thousand passengers,HR,Croatia,2024,,24590,,,,,
dataflow,ESTAT:RAIL_PA_TOTAL$DEFAULTVIEW(1.0),Passengers transported,A,Annual,THS_PAS,Thousand passengers,HU,Hungary,2015,,,,,,C,confidential
dataflow,ESTAT:RAIL_PA_TOTAL$DEFAULTVIEW(1.0),Passengers transported,A,Annual,THS_PAS,Thousand passengers,HU,Hungary,2016,,,,,,C,confidential
dataflow,ESTAT:RAIL_PA_TOTAL$DEFAULTVIEW(1.0),Passengers transported,A,Annual,THS_PAS,Thousand passengers,HU,Hungary,2017,,,,,,C,confidential
dataflow,ESTAT:RAIL_PA_TOTAL$DEFAULTVIEW(1.0),Passengers transported,A,Annual,THS_PAS,Thousand passengers,HU,Hungary,2018,,,,,,C,confidential
dataflow,ESTAT:RAIL_PA_TOTAL$DEFAULTVIEW(1.0),Passengers transported,A,Annual,THS_PAS,Thousand passengers,HU,Hungary,2019,,,,,,C,confidential
dataflow,ESTAT:RAIL_PA_TOTAL$DEFAULTVIEW(1.0),Passengers transported,A,Annual,THS_PAS,Thousand passengers,HU,Hungary,2020,,,,,,C,confidential
dataflow,ESTAT:RAIL_PA_TOTAL$DEFAULTVIEW(1.0),Passengers transported,A,Annual,THS_PAS,Thousand passengers,HU,Hungary,2021,,,,,,C,confidential
dataflow,ESTAT:RAIL_PA_TOTAL$DEFAULTVIEW(1.0),Passengers transported,A,Annual,THS_PAS,Thousand passengers,HU,Hungary,2022,,,,,,C,confidential
dataflow,ESTAT:RAIL_PA_TOTAL$DEFAULTVIEW(1.0),Passengers transported,A,Annual,THS_PAS,Thousand passengers,HU,Hungary,2023,,,,,,C,confidential
dataflow,ESTAT:RAIL_PA_TOTAL$DEFAULTVIEW(1.0),Passengers transported,A,Annual,THS_PAS,Thousand passengers,HU,Hungary,2024,,304902,,,,,
dataflow,ESTAT:RAIL_PA_TOTAL$DEFAULTVIEW(1.0),Passengers transported,A,Annual,THS_PAS,Thousand passengers,IE,Ireland,2015,,39660,,,,,
dataflow,ESTAT:RAIL_PA_TOTAL$DEFAULTVIEW(1.0),Passengers transported,A,Annual,THS_PAS,Thousand passengers,IE,Ireland,2016,,42820,,,,,
dataflow,ESTAT:RAIL_PA_TOTAL$DEFAULTVIEW(1.0),Passengers transported,A,Annual,THS_PAS,Thousand passengers,IE,Ireland,2017,,45505,,,,,
dataflow,ESTAT:RAIL_PA_TOTAL$DEFAULTVIEW(1.0),Passengers transported,A,Annual,THS_PAS,Thousand passengers,IE,Ireland,2018,,47960,,,,,
dataflow,ESTAT:RAIL_PA_TOTAL$DEFAULTVIEW(1.0),Passengers transported,A,Annual,THS_PAS,Thousand passengers,IE,Ireland,2019,,50060,,,,,
dataflow,ESTAT:RAIL_PA_TOTAL$DEFAULTVIEW(1.0),Passengers transported,A,Annual,THS_PAS,Thousand passengers,IE,Ireland,2020,,17930,,,,,
dataflow,ESTAT:RAIL_PA_TOTAL$DEFAULTVIEW(1.0),Passengers transported,A,Annual,THS_PAS,Thousand passengers,IE,Ireland,2021,,17411,,,,,
dataflow,ESTAT:RAIL_PA_TOTAL$DEFAULTVIEW(1.0),Passengers transported,A,Annual,THS_PAS,Thousand passengers,IE,Ireland,2022,,35845,,,,,
dataflow,ESTAT:RAIL_PA_TOTAL$DEFAULTVIEW(1.0),Passengers transported,A,Annual,THS_PAS,Thousand passengers,IE,Ireland,2023,,46066,,,,,
dataflow,ESTAT:RAIL_PA_TOTAL$DEFAULTVIEW(1.0),Passengers transported,A,Annual,THS_PAS,Thousand passengers,IE,Ireland,2024,,50664,,,,,
dataflow,ESTAT:RAIL_PA_TOTAL$DEFAULTVIEW(1.0),Passengers transported,A,Annual,THS_PAS,Thousand passengers,IT,Italy,2015,,872623,,,,,
dataflow,ESTAT:RAIL_PA_TOTAL$DEFAULTVIEW(1.0),Passengers transported,A,Annual,THS_PAS,Thousand passengers,IT,Italy,2016,,869199,,,,,
dataflow,ESTAT:RAIL_PA_TOTAL$DEFAULTVIEW(1.0),Passengers transported,A,Annual,THS_PAS,Thousand passengers,IT,Italy,2017,,864570,,,,,
dataflow,ESTAT:RAIL_PA_TOTAL$DEFAULTVIEW(1.0),Passengers transported,A,Annual,THS_PAS,Thousand passengers,IT,Italy,2018,,882243,,,,,
dataflow,ESTAT:RAIL_PA_TOTAL$DEFAULTVIEW(1.0),Passengers transported,A,Annual,THS_PAS,Thousand passengers,IT,Italy,2019,,898472,,,,,
dataflow,ESTAT:RAIL_PA_TOTAL$DEFAULTVIEW(1.0),Passengers transported,A,Annual,THS_PAS,Thousand passengers,IT,Italy,2020,,389883,,,,,
dataflow,ESTAT:RAIL_PA_TOTAL$DEFAULTVIEW(1.0),Passengers transported,A,Annual,THS_PAS,Thousand passengers,IT,Italy,2021,,491782,,,,,
dataflow,ESTAT:RAIL_PA_TOTAL$DEFAULTVIEW(1.0),Passengers transported,A,Annual,THS_PAS,Thousand passengers,IT,Italy,2022,,693604,,,,,
dataflow,ESTAT:RAIL_PA_TOTAL$DEFAULTVIEW(1.0),Passengers transported,A,Annual,THS_PAS,Thousand passengers,IT,Italy,2023,,814441,,,,,
dataflow,ESTAT:RAIL_PA_TOTAL$DEFAULTVIEW(1.0),Passengers transported,A,Annual,THS_PAS,Thousand passengers,IT,Italy,2024,,842822,,,,,
dataflow,ESTAT:RAIL_PA_TOTAL$DEFAULTVIEW(1.0),Passengers transported,A,Annual,THS_PAS,Thousand passengers,LI,Liechtenstein,2015,,950,,,,,
dataflow,ESTAT:RAIL_PA_TOTAL$DEFAULTVIEW(1.0),Passengers transported,A,Annual,THS_PAS,Thousand passengers,LI,Liechtenstein,2016,,936,,,,,
dataflow,ESTAT:RAIL_PA_TOTAL$DEFAULTVIEW(1.0),Passengers transported,A,Annual,THS_PAS,Thousand passengers,LI,Liechtenstein,2017,,855,,,,,
dataflow,ESTAT:RAIL_PA_TOTAL$DEFAULTVIEW(1.0),Passengers transported,A,Annual,THS_PAS,Thousand passengers,LI,Liechtenstein,2018,,940,,,,,
dataflow,ESTAT:RAIL_PA_TOTAL$DEFAULTVIEW(1.0),Passengers transported,A,Annual,THS_PAS,Thousand passengers,LI,Liechtenstein,2019,,1081,,,,,
dataflow,ESTAT:RAIL_PA_TOTAL$DEFAULTVIEW(1.0),Passengers transported,A,Annual,THS_PAS,Thousand passengers,LI,Liechtenstein,2020,,479,,,,,
dataflow,ESTAT:RAIL_PA_TOTAL$DEFAULTVIEW(1.0),Passengers transported,A,Annual,THS_PAS,Thousand passengers,LI,Liechtenstein,2021,,710,,,,,
dataflow,ESTAT:RAIL_PA_TOTAL$DEFAULTVIEW(1.0),Passengers transported,A,Annual,THS_PAS,Thousand passengers,LI,Liechtenstein,2022,,1601,,,,,
dataflow,ESTAT:RAIL_PA_TOTAL$DEFAULTVIEW(1.0),Passengers transported,A,Annual,THS_PAS,Thousand passengers,LI,Liechtenstein,2023,,1686,,,,,
dataflow,ESTAT:RAIL_PA_TOTAL$DEFAULTVIEW(1.0),Passengers transported,A,Annual,THS_PAS,Thousand passengers,LI,Liechtenstein,2024,,1737,,,,,
dataflow,ESTAT:RAIL_PA_TOTAL$DEFAULTVIEW(1.0),Passengers transported,A,Annual,THS_PAS,Thousand passengers,LT,Lithuania,2015,,3790,,,,,
dataflow,ESTAT:RAIL_PA_TOTAL$DEFAULTVIEW(1.0),Passengers transported,A,Annual,THS_PAS,Thousand passengers,LT,Lithuania,2016,,3916,,,,,
dataflow,ESTAT:RAIL_PA_TOTAL$DEFAULTVIEW(1.0),Passengers transported,A,Annual,THS_PAS,Thousand passengers,LT,Lithuania,2017,,4176,,,,,
dataflow,ESTAT:RAIL_PA_TOTAL$DEFAULTVIEW(1.0),Passengers transported,A,Annual,THS_PAS,Thousand passengers,LT,Lithuania,2018,,4665,,,,,
dataflow,ESTAT:RAIL_PA_TOTAL$DEFAULTVIEW(1.0),Passengers transported,A,Annual,THS_PAS,Thousand passengers,LT,Lithuania,2019,,4991,,,,,
dataflow,ESTAT:RAIL_PA_TOTAL$DEFAULTVIEW(1.0),Passengers transported,A,Annual,THS_PAS,Thousand passengers,LT,Lithuania,2020,,3238,,,,,
dataflow,ESTAT:RAIL_PA_TOTAL$DEFAULTVIEW(1.0),Passengers transported,A,Annual,THS_PAS,Thousand passengers,LT,Lithuania,2021,,3948,,,,,
dataflow,ESTAT:RAIL_PA_TOTAL$DEFAULTVIEW(1.0),Passengers transported,A,Annual,THS_PAS,Thousand passengers,LT,Lithuania,2022,,4464,,,,,
dataflow,ESTAT:RAIL_PA_TOTAL$DEFAULTVIEW(1.0),Passengers transported,A,Annual,THS_PAS,Thousand passengers,LT,Lithuania,2023,,4719,,,,,
dataflow,ESTAT:RAIL_PA_TOTAL$DEFAULTVIEW(1.0),Passengers transported,A,Annual,THS_PAS,Thousand passengers,LT,Lithuania,2024,,5114,,,,,
dataflow,ESTAT:RAIL_PA_TOTAL$DEFAULTVIEW(1.0),Passengers transported,A,Annual,THS_PAS,Thousand passengers,LU,Luxembourg,2015,,22496,,,,,
dataflow,ESTAT:RAIL_PA_TOTAL$DEFAULTVIEW(1.0),Passengers transported,A,Annual,THS_PAS,Thousand passengers,LU,Luxembourg,2016,,22459,,,,,
dataflow,ESTAT:RAIL_PA_TOTAL$DEFAULTVIEW(1.0),Passengers transported,A,Annual,THS_PAS,Thousand passengers,LU,Luxembourg,2017,,22930,,,,,
dataflow,ESTAT:RAIL_PA_TOTAL$DEFAULTVIEW(1.0),Passengers transported,A,Annual,THS_PAS,Thousand passengers,LU,Luxembourg,2018,,23331,,,,,
dataflow,ESTAT:RAIL_PA_TOTAL$DEFAULTVIEW(1.0),Passengers transported,A,Annual,THS_PAS,Thousand passengers,LU,Luxembourg,2019,,25016,,,,,
dataflow,ESTAT:RAIL_PA_TOTAL$DEFAULTVIEW(1.0),Passengers transported,A,Annual,THS_PAS,Thousand passengers,LU,Luxembourg,2020,,14527,,,,,
dataflow,ESTAT:RAIL_PA_TOTAL$DEFAULTVIEW(1.0),Passengers transported,A,Annual,THS_PAS,Thousand passengers,LU,Luxembourg,2021,,16595,,,,,
dataflow,ESTAT:RAIL_PA_TOTAL$DEFAULTVIEW(1.0),Passengers transported,A,Annual,THS_PAS,Thousand passengers,LU,Luxembourg,2022,,22038,,,,,
dataflow,ESTAT:RAIL_PA_TOTAL$DEFAULTVIEW(1.0),Passengers transported,A,Annual,THS_PAS,Thousand passengers,LU,Luxembourg,2023,,28688,,,,,
dataflow,ESTAT:RAIL_PA_TOTAL$DEFAULTVIEW(1.0),Passengers transported,A,Annual,THS_PAS,Thousand passengers,LU,Luxembourg,2024,,31263,,,,,
dataflow,ESTAT:RAIL_PA_TOTAL$DEFAULTVIEW(1.0),Passengers transported,A,Annual,THS_PAS,Thousand passengers,LV,Latvia,2015,,17065,,,,,
dataflow,ESTAT:RAIL_PA_TOTAL$DEFAULTVIEW(1.0),Passengers transported,A,Annual,THS_PAS,Thousand passengers,LV,Latvia,2016,,17228,,,,,
dataflow,ESTAT:RAIL_PA_TOTAL$DEFAULTVIEW(1.0),Passengers transported,A,Annual,THS_PAS,Thousand passengers,LV,Latvia,2017,,17494,,,,,
dataflow,ESTAT:RAIL_PA_TOTAL$DEFAULTVIEW(1.0),Passengers transported,A,Annual,THS_PAS,Thousand passengers,LV,Latvia,2018,,18242,,,,,
dataflow,ESTAT:RAIL_PA_TOTAL$DEFAULTVIEW(1.0),Passengers transported,A,Annual,THS_PAS,Thousand passengers,LV,Latvia,2019,,18623,,,,,
dataflow,ESTAT:RAIL_PA_TOTAL$DEFAULTVIEW(1.0),Passengers transported,A,Annual,THS_PAS,Thousand passengers,LV,Latvia,2020,,12862,,,,,
dataflow,ESTAT:RAIL_PA_TOTAL$DEFAULTVIEW(1.0),Passengers transported,A,Annual,THS_PAS,Thousand passengers,LV,Latvia,2021,,11194,,,,,
dataflow,ESTAT:RAIL_PA_TOTAL$DEFAULTVIEW(1.0),Passengers transported,A,Annual,THS_PAS,Thousand passengers,LV,Latvia,2022,,15694,,,,,
dataflow,ESTAT:RAIL_PA_TOTAL$DEFAULTVIEW(1.0),Passengers transported,A,Annual,THS_PAS,Thousand passengers,LV,Latvia,2023,,17134,,,,,
dataflow,ESTAT:RAIL_PA_TOTAL$DEFAULTVIEW(1.0),Passengers transported,A,Annual,THS_PAS,Thousand passengers,LV,Latvia,2024,,19508,,,,,
dataflow,ESTAT:RAIL_PA_TOTAL$DEFAULTVIEW(1.0),Passengers transported,A,Annual,THS_PAS,Thousand passengers,ME,Montenegro,2015,,1236,,,,,
dataflow,ESTAT:RAIL_PA_TOTAL$DEFAULTVIEW(1.0),Passengers transported,A,Annual,THS_PAS,Thousand passengers,ME,Montenegro,2016,,1285,,,,,
dataflow,ESTAT:RAIL_PA_TOTAL$DEFAULTVIEW(1.0),Passengers transported,A,Annual,THS_PAS,Thousand passengers,ME,Montenegro,2017,,927,,,,,
dataflow,ESTAT:RAIL_PA_TOTAL$DEFAULTVIEW(1.0),Passengers transported,A,Annual,THS_PAS,Thousand passengers,ME,Montenegro,2018,,992,,,,,
dataflow,ESTAT:RAIL_PA_TOTAL$DEFAULTVIEW(1.0),Passengers transported,A,Annual,THS_PAS,Thousand passengers,ME,Montenegro,2019,,986,,,,,
dataflow,ESTAT:RAIL_PA_TOTAL$DEFAULTVIEW(1.0),Passengers transported,A,Annual,THS_PAS,Thousand passengers,ME,Montenegro,2020,,473,,,,,
dataflow,ESTAT:RAIL_PA_TOTAL$DEFAULTVIEW(1.0),Passengers transported,A,Annual,THS_PAS,Thousand passengers,ME,Montenegro,2022,,777,,,,,
dataflow,ESTAT:RAIL_PA_TOTAL$DEFAULTVIEW(1.0),Passengers transported,A,Annual,THS_PAS,Thousand passengers,ME,Montenegro,2024,,863,,,,,
dataflow,ESTAT:RAIL_PA_TOTAL$DEFAULTVIEW(1.0),Passengers transported,A,Annual,THS_PAS,Thousand passengers,MK,North Macedonia,2015,,1022,,,,,
dataflow,ESTAT:RAIL_PA_TOTAL$DEFAULTVIEW(1.0),Passengers transported,A,Annual,THS_PAS,Thousand passengers,MK,North Macedonia,2016,,663,,,,,
dataflow,ESTAT:RAIL_PA_TOTAL$DEFAULTVIEW(1.0),Passengers transported,A,Annual,THS_PAS,Thousand passengers,MK,North Macedonia,2017,,500,,,,,
dataflow,ESTAT:RAIL_PA_TOTAL$DEFAULTVIEW(1.0),Passengers transported,A,Annual,THS_PAS,Thousand passengers,MK,North Macedonia,2018,,540,,,,,
dataflow,ESTAT:RAIL_PA_TOTAL$DEFAULTVIEW(1.0),Passengers transported,A,Annual,THS_PAS,Thousand passengers,MK,North Macedonia,2019,,549,,,,,
dataflow,ESTAT:RAIL_PA_TOTAL$DEFAULTVIEW(1.0),Passengers transported,A,Annual,THS_PAS,Thousand passengers,MK,North Macedonia,2020,,253,,,,,
dataflow,ESTAT:RAIL_PA_TOTAL$DEFAULTVIEW(1.0),Passengers transported,A,Annual,THS_PAS,Thousand passengers,MK,North Macedonia,2021,,252,,,,,
dataflow,ESTAT:RAIL_PA_TOTAL$DEFAULTVIEW(1.0),Passengers transported,A,Annual,THS_PAS,Thousand passengers,MK,North Macedonia,2022,,406,,,,,
dataflow,ESTAT:RAIL_PA_TOTAL$DEFAULTVIEW(1.0),Passengers transported,A,Annual,THS_PAS,Thousand passengers,MK,North Macedonia,2023,,280,,,,,
dataflow,ESTAT:RAIL_PA_TOTAL$DEFAULTVIEW(1.0),Passengers transported,A,Annual,THS_PAS,Thousand passengers,MK,North Macedonia,2024,,238,,,,,
dataflow,ESTAT:RAIL_PA_TOTAL$DEFAULTVIEW(1.0),Passengers transported,A,Annual,THS_PAS,Thousand passengers,NL,Netherlands,2015,,361392,,,,,
dataflow,ESTAT:RAIL_PA_TOTAL$DEFAULTVIEW(1.0),Passengers transported,A,Annual,THS_PAS,Thousand passengers,NL,Netherlands,2016,,367079,,,,,
dataflow,ESTAT:RAIL_PA_TOTAL$DEFAULTVIEW(1.0),Passengers transported,A,Annual,THS_PAS,Thousand passengers,NL,Netherlands,2017,,390568,,,,,
dataflow,ESTAT:RAIL_PA_TOTAL$DEFAULTVIEW(1.0),Passengers transported,A,Annual,THS_PAS,Thousand passengers,NL,Netherlands,2018,,389776,,,,,
dataflow,ESTAT:RAIL_PA_TOTAL$DEFAULTVIEW(1.0),Passengers transported,A,Annual,THS_PAS,Thousand passengers,NL,Netherlands,2019,,388984,,,,,
dataflow,ESTAT:RAIL_PA_TOTAL$DEFAULTVIEW(1.0),Passengers transported,A,Annual,THS_PAS,Thousand passengers,NL,Netherlands,2020,,181541,,,,,
dataflow,ESTAT:RAIL_PA_TOTAL$DEFAULTVIEW(1.0),Passengers transported,A,Annual,THS_PAS,Thousand passengers,NL,Netherlands,2021,,207165,,,,,
dataflow,ESTAT:RAIL_PA_TOTAL$DEFAULTVIEW(1.0),Passengers transported,A,Annual,THS_PAS,Thousand passengers,NL,Netherlands,2022,,318943,,,,,
dataflow,ESTAT:RAIL_PA_TOTAL$DEFAULTVIEW(1.0),Passengers transported,A,Annual,THS_PAS,Thousand passengers,NL,Netherlands,2023,,358458,,,,,
dataflow,ESTAT:RAIL_PA_TOTAL$DEFAULTVIEW(1.0),Passengers transported,A,Annual,THS_PAS,Thousand passengers,NL,Netherlands,2024,,375741,,,,,
dataflow,ESTAT:RAIL_PA_TOTAL$DEFAULTVIEW(1.0),Passengers transported,A,Annual,THS_PAS,Thousand passengers,NO,Norway,2015,,73836,,,,,
dataflow,ESTAT:RAIL_PA_TOTAL$DEFAULTVIEW(1.0),Passengers transported,A,Annual,THS_PAS,Thousand passengers,NO,Norway,2016,,74293,,,,,
dataflow,ESTAT:RAIL_PA_TOTAL$DEFAULTVIEW(1.0),Passengers transported,A,Annual,THS_PAS,Thousand passengers,NO,Norway,2017,,73561,,,,,
dataflow,ESTAT:RAIL_PA_TOTAL$DEFAULTVIEW(1.0),Passengers transported,A,Annual,THS_PAS,Thousand passengers,NO,Norway,2018,,77740,,,,,
dataflow,ESTAT:RAIL_PA_TOTAL$DEFAULTVIEW(1.0),Passengers transported,A,Annual,THS_PAS,Thousand passengers,NO,Norway,2019,,80402,,,,,
dataflow,ESTAT:RAIL_PA_TOTAL$DEFAULTVIEW(1.0),Passengers transported,A,Annual,THS_PAS,Thousand passengers,NO,Norway,2020,,42599,,,,,
dataflow,ESTAT:RAIL_PA_TOTAL$DEFAULTVIEW(1.0),Passengers transported,A,Annual,THS_PAS,Thousand passengers,NO,Norway,2021,,41401,,,,,
dataflow,ESTAT:RAIL_PA_TOTAL$DEFAULTVIEW(1.0),Passengers transported,A,Annual,THS_PAS,Thousand passengers,NO,Norway,2022,,66695,,,,,
dataflow,ESTAT:RAIL_PA_TOTAL$DEFAULTVIEW(1.0),Passengers transported,A,Annual,THS_PAS,Thousand passengers,NO,Norway,2023,,78220,,,,,
dataflow,ESTAT:RAIL_PA_TOTAL$DEFAULTVIEW(1.0),Passengers transported,A,Annual,THS_PAS,Thousand passengers,NO,Norway,2024,,81933,,,,,
dataflow,ESTAT:RAIL_PA_TOTAL$DEFAULTVIEW(1.0),Passengers transported,A,Annual,THS_PAS,Thousand passengers,PL,Poland,2015,,269664,,,,,
dataflow,ESTAT:RAIL_PA_TOTAL$DEFAULTVIEW(1.0),Passengers transported,A,Annual,THS_PAS,Thousand passengers,PL,Poland,2016,,285094,,,,,
dataflow,ESTAT:RAIL_PA_TOTAL$DEFAULTVIEW(1.0),Passengers transported,A,Annual,THS_PAS,Thousand passengers,PL,Poland,2017,,295394,,,,,
dataflow,ESTAT:RAIL_PA_TOTAL$DEFAULTVIEW(1.0),Passengers transported,A,Annual,THS_PAS,Thousand passengers,PL,Poland,2018,,,,,,C,confidential
dataflow,ESTAT:RAIL_PA_TOTAL$DEFAULTVIEW(1.0),Passengers transported,A,Annual,THS_PAS,Thousand passengers,PL,Poland,2019,,,,,,C,confidential
dataflow,ESTAT:RAIL_PA_TOTAL$DEFAULTVIEW(1.0),Passengers transported,A,Annual,THS_PAS,Thousand passengers,PL,Poland,2020,,,,,,C,confidential
dataflow,ESTAT:RAIL_PA_TOTAL$DEFAULTVIEW(1.0),Passengers transported,A,Annual,THS_PAS,Thousand passengers,PL,Poland,2021,,,,,,C,confidential
dataflow,ESTAT:RAIL_PA_TOTAL$DEFAULTVIEW(1.0),Passengers transported,A,Annual,THS_PAS,Thousand passengers,PL,Poland,2022,,,,,,C,confidential
dataflow,ESTAT:RAIL_PA_TOTAL$DEFAULTVIEW(1.0),Passengers transported,A,Annual,THS_PAS,Thousand passengers,PL,Poland,2023,,,,,,C,confidential
dataflow,ESTAT:RAIL_PA_TOTAL$DEFAULTVIEW(1.0),Passengers transported,A,Annual,THS_PAS,Thousand passengers,PL,Poland,2024,,,,,,C,confidential
dataflow,ESTAT:RAIL_PA_TOTAL$DEFAULTVIEW(1.0),Passengers transported,A,Annual,THS_PAS,Thousand passengers,PT,Portugal,2015,,130421,,,,,
dataflow,ESTAT:RAIL_PA_TOTAL$DEFAULTVIEW(1.0),Passengers transported,A,Annual,THS_PAS,Thousand passengers,PT,Portugal,2016,,133472,,,,,
dataflow,ESTAT:RAIL_PA_TOTAL$DEFAULTVIEW(1.0),Passengers transported,A,Annual,THS_PAS,Thousand passengers,PT,Portugal,2017,,142127,,,,,
dataflow,ESTAT:RAIL_PA_TOTAL$DEFAULTVIEW(1.0),Passengers transported,A,Annual,THS_PAS,Thousand passengers,PT,Portugal,2018,,147581,,,,,
dataflow,ESTAT:RAIL_PA_TOTAL$DEFAULTVIEW(1.0),Passengers transported,A,Annual,THS_PAS,Thousand passengers,PT,Portugal,2019,,175511,,,,,
dataflow,ESTAT:RAIL_PA_TOTAL$DEFAULTVIEW(1.0),Passengers transported,A,Annual,THS_PAS,Thousand passengers,PT,Portugal,2020,,102247,,,,,
dataflow,ESTAT:RAIL_PA_TOTAL$DEFAULTVIEW(1.0),Passengers transported,A,Annual,THS_PAS,Thousand passengers,PT,Portugal,2021,,120702,,,,,
dataflow,ESTAT:RAIL_PA_TOTAL$DEFAULTVIEW(1.0),Passengers transported,A,Annual,THS_PAS,Thousand passengers,PT,Portugal,2022,,171653,,,,,
dataflow,ESTAT:RAIL_PA_TOTAL$DEFAULTVIEW(1.0),Passengers transported,A,Annual,THS_PAS,Thousand passengers,PT,Portugal,2023,,200459,,,,,
dataflow,ESTAT:RAIL_PA_TOTAL$DEFAULTVIEW(1.0),Passengers transported,A,Annual,THS_PAS,Thousand passengers,PT,Portugal,2024,,218886,,,,,
dataflow,ESTAT:RAIL_PA_TOTAL$DEFAULTVIEW(1.0),Passengers transported,A,Annual,THS_PAS,Thousand passengers,RO,Romania,2015,,66479,,,,,
dataflow,ESTAT:RAIL_PA_TOTAL$DEFAULTVIEW(1.0),Passengers transported,A,Annual,THS_PAS,Thousand passengers,RO,Romania,2016,,64455,,,,,
dataflow,ESTAT:RAIL_PA_TOTAL$DEFAULTVIEW(1.0),Passengers transported,A,Annual,THS_PAS,Thousand passengers,RO,Romania,2017,,69056,,,,,
dataflow,ESTAT:RAIL_PA_TOTAL$DEFAULTVIEW(1.0),Passengers transported,A,Annual,THS_PAS,Thousand passengers,RO,Romania,2018,,66500,,,,,
dataflow,ESTAT:RAIL_PA_TOTAL$DEFAULTVIEW(1.0),Passengers transported,A,Annual,THS_PAS,Thousand passengers,RO,Romania,2019,,69707,,,,,
dataflow,ESTAT:RAIL_PA_TOTAL$DEFAULTVIEW(1.0),Passengers transported,A,Annual,THS_PAS,Thousand passengers,RO,Romania,2020,,50559,,,,,
dataflow,ESTAT:RAIL_PA_TOTAL$DEFAULTVIEW(1.0),Passengers transported,A,Annual,THS_PAS,Thousand passengers,RO,Romania,2021,,54937,,,,,
dataflow,ESTAT:RAIL_PA_TOTAL$DEFAULTVIEW(1.0),Passengers transported,A,Annual,THS_PAS,Thousand passengers,RO,Romania,2022,,70464,,,,,
dataflow,ESTAT:RAIL_PA_TOTAL$DEFAULTVIEW(1.0),Passengers transported,A,Annual,THS_PAS,Thousand passengers,RO,Romania,2023,,74278,,,,,
dataflow,ESTAT:RAIL_PA_TOTAL$DEFAULTVIEW(1.0),Passengers transported,A,Annual,THS_PAS,Thousand passengers,RO,Romania,2024,,70802,,,,,
dataflow,ESTAT:RAIL_PA_TOTAL$DEFAULTVIEW(1.0),Passengers transported,A,Annual,THS_PAS,Thousand passengers,SE,Sweden,2015,,214434,,,,,
dataflow,ESTAT:RAIL_PA_TOTAL$DEFAULTVIEW(1.0),Passengers transported,A,Annual,THS_PAS,Thousand passengers,SE,Sweden,2016,,220945,,,,,
dataflow,ESTAT:RAIL_PA_TOTAL$DEFAULTVIEW(1.0),Passengers transported,A,Annual,THS_PAS,Thousand passengers,SE,Sweden,2017,,229817,,,,,
dataflow,ESTAT:RAIL_PA_TOTAL$DEFAULTVIEW(1.0),Passengers transported,A,Annual,THS_PAS,Thousand passengers,SE,Sweden,2018,,246490,,,,,
dataflow,ESTAT:RAIL_PA_TOTAL$DEFAULTVIEW(1.0),Passengers transported,A,Annual,THS_PAS,Thousand passengers,SE,Sweden,2019,,264603,,,,,
dataflow,ESTAT:RAIL_PA_TOTAL$DEFAULTVIEW(1.0),Passengers transported,A,Annual,THS_PAS,Thousand passengers,SE,Sweden,2020,,169163,,,,,
dataflow,ESTAT:RAIL_PA_TOTAL$DEFAULTVIEW(1.0),Passengers transported,A,Annual,THS_PAS,Thousand passengers,SE,Sweden,2021,,164490,,,,,
dataflow,ESTAT:RAIL_PA_TOTAL$DEFAULTVIEW(1.0),Passengers transported,A,Annual,THS_PAS,Thousand passengers,SE,Sweden,2022,,243972,,,,,
dataflow,ESTAT:RAIL_PA_TOTAL$DEFAULTVIEW(1.0),Passengers transported,A,Annual,THS_PAS,Thousand passengers,SE,Sweden,2023,,243442,,,,,
dataflow,ESTAT:RAIL_PA_TOTAL$DEFAULTVIEW(1.0),Passengers transported,A,Annual,THS_PAS,Thousand passengers,SE,Sweden,2024,,252371,,,,,
dataflow,ESTAT:RAIL_PA_TOTAL$DEFAULTVIEW(1.0),Passengers transported,A,Annual,THS_PAS,Thousand passengers,SI,Slovenia,2015,,14135,,,,,
dataflow,ESTAT:RAIL_PA_TOTAL$DEFAULTVIEW(1.0),Passengers transported,A,Annual,THS_PAS,Thousand passengers,SI,Slovenia,2016,,13650,,,,,
dataflow,ESTAT:RAIL_PA_TOTAL$DEFAULTVIEW(1.0),Passengers transported,A,Annual,THS_PAS,Thousand passengers,SI,Slovenia,2017,,13002,,,,,
dataflow,ESTAT:RAIL_PA_TOTAL$DEFAULTVIEW(1.0),Passengers transported,A,Annual,THS_PAS,Thousand passengers,SI,Slovenia,2018,,13105,,,,,
dataflow,ESTAT:RAIL_PA_TOTAL$DEFAULTVIEW(1.0),Passengers transported,A,Annual,THS_PAS,Thousand passengers,SI,Slovenia,2019,,13259,,,,,
dataflow,ESTAT:RAIL_PA_TOTAL$DEFAULTVIEW(1.0),Passengers transported,A,Annual,THS_PAS,Thousand passengers,SI,Slovenia,2020,,7924,,,,,
dataflow,ESTAT:RAIL_PA_TOTAL$DEFAULTVIEW(1.0),Passengers transported,A,Annual,THS_PAS,Thousand passengers,SI,Slovenia,2021,,11663,,,,,
dataflow,ESTAT:RAIL_PA_TOTAL$DEFAULTVIEW(1.0),Passengers transported,A,Annual,THS_PAS,Thousand passengers,SI,Slovenia,2022,,13909,,,,,
dataflow,ESTAT:RAIL_PA_TOTAL$DEFAULTVIEW(1.0),Passengers transported,A,Annual,THS_PAS,Thousand passengers,SI,Slovenia,2023,,14483,,,,,
dataflow,ESTAT:RAIL_PA_TOTAL$DEFAULTVIEW(1.0),Passengers transported,A,Annual,THS_PAS,Thousand passengers,SI,Slovenia,2024,,15704,,,,,
dataflow,ESTAT:RAIL_PA_TOTAL$DEFAULTVIEW(1.0),Passengers transported,A,Annual,THS_PAS,Thousand passengers,SK,Slovakia,2015,,60292,,,,,
dataflow,ESTAT:RAIL_PA_TOTAL$DEFAULTVIEW(1.0),Passengers transported,A,Annual,THS_PAS,Thousand passengers,SK,Slovakia,2016,,69150,,,,,
dataflow,ESTAT:RAIL_PA_TOTAL$DEFAULTVIEW(1.0),Passengers transported,A,Annual,THS_PAS,Thousand passengers,SK,Slovakia,2017,,74916,,,,,
dataflow,ESTAT:RAIL_PA_TOTAL$DEFAULTVIEW(1.0),Passengers transported,A,Annual,THS_PAS,Thousand passengers,SK,Slovakia,2018,,77265,,,,,
dataflow,ESTAT:RAIL_PA_TOTAL$DEFAULTVIEW(1.0),Passengers transported,A,Annual,THS_PAS,Thousand passengers,SK,Slovakia,2019,,80671,,,,,
dataflow,ESTAT:RAIL_PA_TOTAL$DEFAULTVIEW(1.0),Passengers transported,A,Annual,THS_PAS,Thousand passengers,SK,Slovakia,2020,,49421,,,,,
dataflow,ESTAT:RAIL_PA_TOTAL$DEFAULTVIEW(1.0),Passengers transported,A,Annual,THS_PAS,Thousand passengers,SK,Slovakia,2021,,45858,,,,,
dataflow,ESTAT:RAIL_PA_TOTAL$DEFAULTVIEW(1.0),Passengers transported,A,Annual,THS_PAS,Thousand passengers,SK,Slovakia,2022,,66705,,,,,
dataflow,ESTAT:RAIL_PA_TOTAL$DEFAULTVIEW(1.0),Passengers transported,A,Annual,THS_PAS,Thousand passengers,SK,Slovakia,2023,,71689,,,,,
dataflow,ESTAT:RAIL_PA_TOTAL$DEFAULTVIEW(1.0),Passengers transported,A,Annual,THS_PAS,Thousand passengers,SK,Slovakia,2024,,72056,,,,,
dataflow,ESTAT:RAIL_PA_TOTAL$DEFAULTVIEW(1.0),Passengers transported,A,Annual,THS_PAS,Thousand passengers,TR,Türkiye,2015,,23278,,,,,
dataflow,ESTAT:RAIL_PA_TOTAL$DEFAULTVIEW(1.0),Passengers transported,A,Annual,THS_PAS,Thousand passengers,TR,Türkiye,2016,,20960,,,,,
dataflow,ESTAT:RAIL_PA_TOTAL$DEFAULTVIEW(1.0),Passengers transported,A,Annual,THS_PAS,Thousand passengers,TR,Türkiye,2017,,22563,,,,,
dataflow,ESTAT:RAIL_PA_TOTAL$DEFAULTVIEW(1.0),Passengers transported,A,Annual,THS_PAS,Thousand passengers,TR,Türkiye,2018,,24289,,,,,
dataflow,ESTAT:RAIL_PA_TOTAL$DEFAULTVIEW(1.0),Passengers transported,A,Annual,THS_PAS,Thousand passengers,TR,Türkiye,2019,,26204,,,,,
dataflow,ESTAT:RAIL_PA_TOTAL$DEFAULTVIEW(1.0),Passengers transported,A,Annual,THS_PAS,Thousand passengers,TR,Türkiye,2020,,6446,,,,,
dataflow,ESTAT:RAIL_PA_TOTAL$DEFAULTVIEW(1.0),Passengers transported,A,Annual,THS_PAS,Thousand passengers,TR,Türkiye,2021,,10020,,,,,
dataflow,ESTAT:RAIL_PA_TOTAL$DEFAULTVIEW(1.0),Passengers transported,A,Annual,THS_PAS,Thousand passengers,TR,Türkiye,2022,,27031,,,,,
dataflow,ESTAT:RAIL_PA_TOTAL$DEFAULTVIEW(1.0),Passengers transported,A,Annual,THS_PAS,Thousand passengers,TR,Türkiye,2023,,25610,,,,,
dataflow,ESTAT:RAIL_PA_TOTAL$DEFAULTVIEW(1.0),Passengers transported,A,Annual,THS_PAS,Thousand passengers,TR,Türkiye,2024,,24021,,,,,
dataflow,ESTAT:RAIL_PA_TOTAL$DEFAULTVIEW(1.0),Passengers transported,A,Annual,THS_PAS,Thousand passengers,UK,United Kingdom,2015,,1741562,,,,,
dataflow,ESTAT:RAIL_PA_TOTAL$DEFAULTVIEW(1.0),Passengers transported,A,Annual,THS_PAS,Thousand passengers,UK,United Kingdom,2016,,1772563,,,,,
dataflow,ESTAT:RAIL_PA_TOTAL$DEFAULTVIEW(1.0),Passengers transported,A,Annual,THS_PAS,Thousand passengers,UK,United Kingdom,2017,,1757359,,,,,
dataflow,ESTAT:RAIL_PA_TOTAL$DEFAULTVIEW(1.0),Passengers transported,A,Annual,THS_PAS,Thousand passengers,UK,United Kingdom,2018,,1783232,,,,,
dataflow,ESTAT:RAIL_PA_TOTAL$DEFAULTVIEW(1.0),Passengers transported,A,Annual,THS_PAS,Thousand passengers,UK,United Kingdom,2019,,1836886,,,,,
